plate_name_old,well_old,plate_name_new,well_new,tube_id,batch,volume
PCE033,B06,PRC001,A01,CTS0015,CT,20
PCE033,E06,PRC001,B01,CTS0024,CT,20
PCE033,C08,PRC001,C01,CTS0030,CT,20
PCE033,A02,PRC001,D01,CTS0100,CT,20
PCE033,E05,PRC001,E01,CTS0079,CT,20
PCE034,B03,PRC001,F01,CTS0007,CT,20
PCE033,F01,PRC001,G01,CTS0095,CT,20
PCE034,F04,PRC001,H01,CTS0057,CT,20
PCE033,D06,PRC001,A02,CTS0069,CT,20
PCE033,F10,PRC001,B02,CTS0014,CT,20
PCE033,D07,PRC001,D02,CTS0098,CT,20
PCE033,D02,PRC001,E02,CTS0102,CT,20
PCE033,B07,PRC001,F02,CTS0036,CT,20
PCE034,E04,PRC001,G02,CTS0075,CT,20
PCE033,F07,PRC001,H02,CTS0101,CT,20
PCE033,A07,PRC001,A03,CTS0081,CT,20
PCE033,A04,PRC001,B03,CTS0025,CT,20
PCE034,D04,PRC001,C03,CTS0053,CT,20
PCE033,G07,PRC001,D03,CTS0002,CT,20
PCE033,D01,PRC001,E03,CTS0026,CT,20
PCE033,E04,PRC001,F03,CTS0005,CT,20
PCE033,D10,PRC001,G03,CTS0091,CT,20
PCE034,C05,PRC001,H03,CTS0037,CT,20
PCE033,A08,PRC001,A04,CTS0065,CT,20
PCE033,G04,PRC001,B04,CTS0089,CT,20
PCE033,H06,PRC001,C04,CTS0012,CT,20
PCE033,G10,PRC001,E04,CTS0084,CT,20
PCE033,C05,PRC001,F04,CTS0062,CT,20
PCE033,F03,PRC001,G04,CTS0085,CT,20
PCE033,F05,PRC001,H04,CTS0093,CT,20
PCE033,A06,PRC001,A05,CTS0017,CT,20
PCE034,G02,PRC001,B05,CTS0059,CT,20
PCE033,D04,PRC001,C05,CTS0099,CT,20
PCE033,G06,PRC001,D05,CTS0044,CT,20
PCE034,E03,PRC001,E05,CTS0011,CT,20
PCE034,A05,PRC001,F05,CTS0046,CT,20
PCE033,E07,PRC001,G05,CTS0066,CT,20
PCE034,A04,PRC001,H05,CTS0064,CT,20
PCE033,F02,PRC001,A06,CTS0042,CT,20
PCE034,C01,PRC001,B06,CTS0050,CT,20
PCE033,A10,PRC001,C06,CTS0083,CT,20
PCE034,A03,PRC001,D06,CTS0049,CT,20
PCE034,F01,PRC001,E06,CTS0047,CT,20
PCE034,D01,PRC001,F06,CTS0058,CT,20
PCE033,C09,PRC001,G06,CTS0004,CT,20
PCE033,E10,PRC001,H06,CTS0016,CT,20
PCE033,C06,PRC001,A07,CTS0001,CT,20
PCE033,C07,PRC001,B07,CTS0054,CT,20
PCE033,F08,PRC001,C07,CTS0080,CT,20
PCE033,H07,PRC001,D07,CTS0074,CT,20
PCE033,B04,PRC001,E07,CTS0097,CT,20
PCE034,E01,PRC001,F07,CTS0055,CT,20
PCE034,B05,PRC001,G07,CTS0034,CT,20
PCE034,D03,PRC001,H07,CTS0033,CT,20
PCE034,G04,PRC001,B08,CTS0052,CT,20
PCE033,D05,PRC001,C08,CTS0006,CT,20
PCE034,B02,PRC001,E08,CTS0063,CT,20
PCE033,E08,PRC001,F08,CTS0096,CT,20
PCE034,F03,PRC001,G08,CTS0082,CT,20
PCE033,B09,PRC001,H08,CTS0061,CT,20
PCE033,E03,PRC001,A09,CTS0092,CT,20
PCE034,G03,PRC001,B09,CTS0039,CT,20
PCE033,C10,PRC001,C09,CTS0013,CT,20
PCE033,G08,PRC001,D09,CTS0010,CT,20
PCE033,B10,PRC001,E09,CTS0031,CT,20
PCE033,G09,PRC001,F09,CTX0188,CT,20
PCE034,B01,PRC001,G09,CTS0090,CT,20
PCE033,C02,PRC001,H09,CTS0028,CT,20
PCE033,B08,PRC001,A10,CTS0040,CT,20
PCE033,C04,PRC001,B10,CTS0043,CT,20
PCE034,D05,PRC001,C10,CTS0023,CT,20
PCE034,D02,PRC001,D10,CTS0041,CT,20
PCE033,H10,PRC001,E10,CTS0022,CT,20
PCE048,A04,PRF001,A01,CFX0016,FRCompanionSoil,20
PCE033,H02,PRF001,B01,CFS0079,FRCompanionSoil,20
PCE048,C04,PRF001,C01,CFS0051,FRCompanionSoil,20
PCE026,E04,PRF001,D01,CFX0001,FRCompanionSoil,20
PCE026,H05,PRF001,E01,LIPME36636,FRCompanionSoil,20
PCE026,B02,PRF001,F01,LIPME36627,FRCompanionSoil,20
PCE048,F11,PRF001,G01,CFS0050,FRCompanionSoil,20
PCE026,H01,PRF001,H01,LIPME36620,FRCompanionSoil,20
PCE026,A04,PRF001,A02,CFX0007,FRCompanionSoil,20
PCE033,H05,PRF001,B02,CFS0018,FRCompanionSoil,20
PCE033,B01,PRF001,C02,AUZE-ASOIL3,FRCompanionSoil,20
PCE033,G03,PRF001,D02,CFS0067,FRCompanionSoil,20
PCE026,E07,PRF001,E02,LIPME36615,FRCompanionSoil,20
PCE034,H03,PRF001,F02,LIPME37184,FRCompanionSoil,20
PCE048,G07,PRF001,G02,CFX0035,FRCompanionSoil,20
PCE034,C02,PRF001,H02,LIPME37105,FRCompanionSoil,20
PCE034,E02,PRF001,A03,CFS0026,FRCompanionSoil,20
PCE033,C03,PRF001,B03,CFS0077,FRCompanionSoil,20
PCE033,B03,PRF001,C03,CFS0044,FRCompanionSoil,20
PCE033,D08,PRF001,D03,CFS0017,FRCompanionSoil,20
PCE026,E01,PRF001,E03,LIPME36611,FRCompanionSoil,20
PCE033,F06,PRF001,F03,CFS0037,FRCompanionSoil,20
PCE026,D02,PRF001,G03,CFX0005,FRCompanionSoil,20
PCE026,C07,PRF001,H03,CFX0008,FRCompanionSoil,20
PCE026,H08,PRF001,A04,LIPME36643,FRCompanionSoil,20
PCE033,A09,PRF001,B04,AUZE-ASOIL2,FRCompanionSoil,20
PCE033,H08,PRF001,C04,LIPME37177,FRCompanionSoil,20
PCE049,G09,PRF001,D04,CFS0071,FRCompanionSoil,20
PCE033,A05,PRF001,E04,LIPME37129,FRCompanionSoil,20
PCE026,G08,PRF001,F04,LIPME36641,FRCompanionSoil,20
PCE048,D01,PRF001,G04,CFX0036,FRCompanionSoil,20
PCE026,A06,PRF001,H04,LIPME36602,FRCompanionSoil,20
PCE026,E10,PRF001,A05,LIPME36639,FRCompanionSoil,20
PCE026,D06,PRF001,B05,CFX0024,FRCompanionSoil,20
PCE048,H03,PRF001,C05,CFX0015,FRCompanionSoil,20
PCE026,F07,PRF001,D05,LIPME36625,FRCompanionSoil,20
PCE033,F04,PRF001,E05,CFS0078,FRCompanionSoil,20
PCE026,B01,PRF001,F05,CFX0006,FRCompanionSoil,20
PCE033,A01,PRF001,G05,LIPME37097,FRCompanionSoil,20
PCE033,H01,PRF001,H05,CFS0065,FRCompanionSoil,20
PCE034,H02,PRF001,A06,CFS0004,FRCompanionSoil,20
PCE026,C06,PRF001,B06,LIPME36630,FRCompanionSoil,20
PCE048,E08,PRF001,C06,CFS0031,FRCompanionSoil,20
PCE026,D04,PRF001,D06,LIPME36635,FRCompanionSoil,20
PCE048,C10,PRF001,E06,CFS0070,FRCompanionSoil,20
PCE026,C05,PRF001,F06,CFX0027,FRCompanionSoil,20
PCE026,D07,PRF001,H06,CFX0012,FRCompanionSoil,20
PCE026,D09,PRF001,A07,LIPME36647,FRCompanionSoil,20
PCE026,A03,PRF001,B07,LIPME36640,FRCompanionSoil,20
PCE049,D08,PRF001,C07,CFS0049,FRCompanionSoil,20
PCE033,A03,PRF001,D07,CFS0068,FRCompanionSoil,20
PCE034,H01,PRF001,F07,CFS0028,FRCompanionSoil,20
PCE026,A05,PRF001,G07,LIPME36624,FRCompanionSoil,20
PCE034,G01,PRF001,H07,CFS0040,FRCompanionSoil,20
PCE026,E06,PRF001,A08,LIPME36637,FRCompanionSoil,20
PCE033,C01,PRF001,B08,CFS0003,FRCompanionSoil,20
PCE026,B11,PRF001,C08,LIPME36599,FRCompanionSoil,20
PCE026,C03,PRF001,D08,CFX0033,FRCompanionSoil,20
PCE026,A10,PRF001,E08,LIPME36598,FRCompanionSoil,20
PCE033,G02,PRF001,F08,CFS0012,FRCompanionSoil,20
PCE026,C01,PRF001,G08,CFX0031,FRCompanionSoil,20
PCE026,E02,PRF001,H08,CFX0023,FRCompanionSoil,20
PCE048,G04,PRF001,A09,CFX0025,FRCompanionSoil,20
PCE026,F01,PRF001,B09,CFX0037,FRCompanionSoil,20
PCE026,B10,PRF001,C09,LIPME36629,FRCompanionSoil,20
PCE026,G01,PRF001,E09,CFX0011,FRCompanionSoil,20
PCE034,B04,PRF001,F09,LIPME37152,FRCompanionSoil,20
PCE026,D10,PRF001,G09,LIPME36614,FRCompanionSoil,20
PCE026,B09,PRF001,H09,LIPME36603,FRCompanionSoil,20
PCE033,B05,PRF001,A10,LIPME37098,FRCompanionSoil,20
PCE026,G05,PRF001,B10,LIPME36621,FRCompanionSoil,20
PCE033,D03,PRF001,C10,CFS0019,FRCompanionSoil,20
PCE034,C03,PRF001,D10,AUZE-ASOIL1,FRCompanionSoil,20
PCE026,G03,PRF001,E10,CFX0034,FRCompanionSoil,20
PCE026,D05,PRF001,F10,CFX0028,FRCompanionSoil,20
PCE026,B06,PRF001,G10,LIPME36628,FRCompanionSoil,20
PCE048,B03,PRF001,H10,CFS0030,FRCompanionSoil,20
PCE026,A02,PRF001,A11,CFX0038,FRCompanionSoil,20
PCE049,H12,PRF001,B11,CFS0069,FRCompanionSoil,20
PCE026,H03,PRF001,C11,CFX0017,FRCompanionSoil,20
PCE026,D03,PRF001,D11,CFX0018,FRCompanionSoil,20
PCE026,B03,PRF001,E11,AUZE-ACompanionsQ2,FRCompanionSoil,20
PCE034,C04,PRF001,F11,LIPME37108,FRCompanionSoil,20
PCE026,E09,PRF001,G11,CFX0002,FRCompanionSoil,20
PCE048,H09,PRF001,H11,CFS0032,FRCompanionSoil,20
PCE034,F02,PRF001,B12,LIPME37106,FRCompanionSoil,20
PCE026,E05,PRF001,C12,AUZE-ACompanionsQ1,FRCompanionSoil,20
PCE033,H04,PRF001,D12,CFS0066,FRCompanionSoil,20
PCE033,G01,PRF001,E12,CFS0043,FRCompanionSoil,20
PCE026,A09,PRF001,F12,LIPME36604,FRCompanionSoil,20
PCE033,E02,PRF001,G12,CFS0016,FRCompanionSoil,20
PCE026,B05,PRF001,H12,CFX0013,FRCompanionSoil,20
PCE026,B07,PRF002,B01,LIPME36642,FRCompanionSoil,20
PCE026,H06,PRF002,C01,LIPME36605,FRCompanionSoil,20
PCE048,D04,PRF002,D01,CFS0072,FRCompanionSoil,20
PCE048,B08,PRF002,E01,CFS0052,FRCompanionSoil,20
PCE026,G06,PRF002,F01,CFX0014,FRCompanionSoil,20
PCE048,B05,PRF002,H01,CFS0029,FRCompanionSoil,20
PCE026,H11,PRF002,A02,LIPME36638,FRCompanionSoil,20
PCE026,B08,PRF002,B02,LIPME36626,FRCompanionSoil,20
PCE026,H07,PRF002,C02,LIPME36610,FRCompanionSoil,20
PCE034,A01,PRF002,D02,CFS0002,FRCompanionSoil,20
PCE026,C04,PRF002,E02,CFX0032,FRCompanionSoil,20
PCE033,G05,PRF002,G02,LIPME37164,FRCompanionSoil,20
PCE048,B09,PRF002,H02,CFX0026,FRCompanionSoil,20
PCE033,E01,PRF002,A03,CFS0001,FRCompanionSoil,20
PCE033,B02,PRF002,B03,LIPME37131,FRCompanionSoil,20
PCE034,A02,PRF002,D03,CFS0025,FRCompanionSoil,20
PCE026,F08,PRF002,E03,LIPME36631,FRCompanionSoil,20
PCE026,H02,PRF002,F03,LIPME36634,FRCompanionSoil,20
PCE034,H04,PRF002,G03,CFS0046,FRCompanionSoil,20
PCE033,H03,PRF002,H03,LIPME37130,FRCompanionSoil,20
PCE030,G01,PRF003,A01,LIPME37003,FRMembrane,20
PCE048,G01,PRF003,B01,CFA0210m,FRMembrane,20
PCE048,A01,PRF003,C01,CFA0217m,FRMembrane,20
PCE048,E12,PRF003,D01,CFA0303m,FRMembrane,20
PCE030,B03,PRF003,E01,LIPME36817,FRMembrane,20
PCE030,F03,PRF003,F01,CFA0105m,FRMembrane,20
PCE030,A06,PRF003,G01,LIPME36904,FRMembrane,20
PCE048,C09,PRF003,H01,CFA0127m,FRMembrane,20
PCE030,D01,PRF003,A02,LIPME36917,FRMembrane,20
PCE048,A02,PRF003,B02,CFA0125m,FRMembrane,20
PCE030,C03,PRF003,C02,LIPME36952,FRMembrane,20
PCE048,C12,PRF003,D02,CFA0207m,FRMembrane,20
PCE048,G12,PRF003,E02,CFA0302m,FRMembrane,20
PCE030,E06,PRF003,G02,LIPME36715,FRMembrane,20
PCE048,B11,PRF003,H02,CFA0120m,FRMembrane,20
PCE048,F12,PRF003,A03,CFA0292m,FRMembrane,20
PCE048,C08,PRF003,B03,CFA0305m,FRMembrane,20
PCE030,H06,PRF003,C03,CFA0312m,FRMembrane,20
PCE048,B10,PRF003,D03,CFA0218m,FRMembrane,20
PCE030,H04,PRF003,E03,LIPME37033,FRMembrane,20
PCE030,D04,PRF003,F03,CFA0098m,FRMembrane,20
PCE048,H05,PRF003,G03,CFA0298m,FRMembrane,20
PCE048,E05,PRF003,H03,CFA0220m,FRMembrane,20
PCE030,G06,PRF003,A04,AUZE-A_Pl_13m,FRMembrane,20
PCE030,C04,PRF003,B04,LIPME36905,FRMembrane,20
PCE048,F01,PRF003,C04,CFA0221m,FRMembrane,20
PCE030,B01,PRF003,D04,LIPME36926,FRMembrane,20
PCE030,G05,PRF003,E04,CFA0035m,FRMembrane,20
PCE031,C02,PRF003,F04,LIPME37021,FRMembrane,20
PCE048,F05,PRF003,G04,CFA0128m,FRMembrane,20
PCE030,G04,PRF003,H04,CFA0263m,FRMembrane,20
PCE030,F02,PRF003,A05,AUZE-A_Pl_16m,FRMembrane,20
PCE030,C06,PRF003,B05,LIPME36781,FRMembrane,20
PCE030,D03,PRF003,D05,LIPME36812,FRMembrane,20
PCE048,C02,PRF003,E05,CFA0205m,FRMembrane,20
PCE030,D02,PRF003,F05,CFA0097m,FRMembrane,20
PCE030,A04,PRF003,G05,CFA0285m,FRMembrane,20
PCE030,A03,PRF003,H05,LIPME36989,FRMembrane,20
PCE030,C02,PRF003,A06,LIPME36909,FRMembrane,20
PCE030,H02,PRF003,B06,LIPME36987,FRMembrane,20
PCE030,C01,PRF003,C06,CFA0137m,FRMembrane,20
PCE048,H07,PRF003,D06,CFA0290m,FRMembrane,20
PCE030,F06,PRF003,E06,AUZE-A_Pl_14m,FRMembrane,20
PCE030,F04,PRF003,F06,LIPME36808,FRMembrane,20
PCE030,D05,PRF003,G06,AUZE-A_Pl_9m,FRMembrane,20
PCE048,C07,PRF003,H06,CFA0136m,FRMembrane,20
PCE048,B06,PRF003,A07,CFA0209m,FRMembrane,20
PCE048,D11,PRF003,B07,CFA0130m,FRMembrane,20
PCE030,F05,PRF003,D07,CFA0060m,FRMembrane,20
PCE048,G02,PRF003,E07,CFA0300m,FRMembrane,20
PCE030,E05,PRF003,F07,CFA0309m,FRMembrane,20
PCE030,H03,PRF003,G07,LIPME36784,FRMembrane,20
PCE048,F07,PRF003,H07,CFA0122m,FRMembrane,20
PCE048,A07,PRF003,A08,CFA0297m,FRMembrane,20
PCE048,A06,PRF003,B08,CFA0306m,FRMembrane,20
PCE048,B07,PRF003,C08,CFA0295m,FRMembrane,20
PCE030,A02,PRF003,D08,LIPME36855,FRMembrane,20
PCE030,G02,PRF003,E08,CFA0037m,FRMembrane,20
PCE030,H01,PRF003,F08,CFA0169m,FRMembrane,20
PCE030,A01,PRF003,G08,LIPME36912,FRMembrane,20
PCE048,F02,PRF003,H08,CFA0135m,FRMembrane,20
PCE048,A05,PRF003,A09,CFA0294m,FRMembrane,20
PCE030,G03,PRF003,B09,LIPME37010,FRMembrane,20
PCE030,B05,PRF003,C09,CFA0266m,FRMembrane,20
PCE048,G08,PRF003,D09,CFA0124m,FRMembrane,20
PCE048,G11,PRF003,E09,CFA0132m,FRMembrane,20
PCE030,B04,PRF003,F09,CFA0082m,FRMembrane,20
PCE048,D08,PRF003,G09,CFA0213m,FRMembrane,20
PCE048,C05,PRF003,H09,CFA0212m,FRMembrane,20
PCE048,D07,PRF003,A10,CFA0215m,FRMembrane,20
PCE030,E02,PRF003,B10,AUZE-A_Pl_11m,FRMembrane,20
PCE030,B06,PRF003,D10,LIPME36937,FRMembrane,20
PCE030,F01,PRF003,E10,LIPME37042,FRMembrane,20
PCE030,E03,PRF003,F10,LIPME36776,FRMembrane,20
PCE030,E01,PRF003,G10,LIPME37044,FRMembrane,20
PCE030,B02,PRF003,H10,CFA0311m,FRMembrane,20
PCE030,D06,PRF003,A11,LIPME36932,FRMembrane,20
PCE030,E04,PRF003,B11,CFA0062m,FRMembrane,20
PCE030,C05,PRF003,C11,LIPME37057,FRMembrane,20
PCE048,F03,PRF003,D11,CFA0133m,FRMembrane,20
PCE031,C05,PRF004,A01,LIPME36329,FRPlant,20
PCE046,D08,PRF004,B01,CFA0088,FRPlant,20
PCE031,G07,PRF004,C01,LIPME36415,FRPlant,20
PCE042,A09,PRF004,D01,LIPME36492,FRPlant,20
PCE031,E03,PRF004,E01,CFA0331,FRPlant,20
PCE042,E01,PRF004,F01,LIPME36430,FRPlant,20
PCE046,D02,PRF004,G01,CFA0200,FRPlant,20
PCE046,H01,PRF004,H01,CFA0094,FRPlant,20
PCE041,D11,PRF004,A02,LIPME36273,FRPlant,20
PCE042,E05,PRF004,B02,LIPME36278,FRPlant,20
PCE031,D05,PRF004,C02,LIPME36328,FRPlant,20
PCE047,A01,PRF004,D02,CFA0090,FRPlant,20
PCE031,A08,PRF004,F02,CFA0186,FRPlant,20
PCE042,D05,PRF004,G02,LIPME36421,FRPlant,20
PCE031,C04,PRF004,H02,LIPME36331,FRPlant,20
PCE042,B05,PRF004,B03,LIPME36535,FRPlant,20
PCE042,F05,PRF004,C03,LIPME36506,FRPlant,20
PCE041,H05,PRF004,D03,LIPME36358,FRPlant,20
PCE041,B03,PRF004,E03,LIPME36448,FRPlant,20
PCE041,G03,PRF004,F03,LIPME36365,FRPlant,20
PCE031,H02,PRF004,G03,CFA0166,FRPlant,20
PCE042,E02,PRF004,H03,LIPME36543,FRPlant,20
PCE046,H05,PRF004,A04,CFA0134,FRPlant,20
PCE046,B04,PRF004,B04,CFA0305,FRPlant,20
PCE041,G05,PRF004,C04,LIPME36434,FRPlant,20
PCE031,G08,PRF004,D04,CFA0158,FRPlant,20
PCE041,H06,PRF004,E04,LIPME36179,FRPlant,20
PCE046,E01,PRF004,F04,CFA0120,FRPlant,20
PCE031,E06,PRF004,G04,CFA0154,FRPlant,20
PCE042,H05,PRF004,H04,LIPME36366,FRPlant,20
PCE031,G03,PRF004,A05,LIPME36412,FRPlant,20
PCE041,G04,PRF004,B05,LIPME36158,FRPlant,20
PCE042,D04,PRF004,C05,LIPME36538,FRPlant,20
PCE041,D10,PRF004,D05,LIPME36451,FRPlant,20
PCE046,G02,PRF004,E05,CFA0116,FRPlant,20
PCE042,D11,PRF004,F05,LIPME36362,FRPlant,20
PCE041,D01,PRF004,G05,LIPME36441,FRPlant,20
PCE031,A02,PRF004,H05,CFA0176,FRPlant,20
PCE042,F09,PRF004,A06,LIPME36532,FRPlant,20
PCE031,E05,PRF004,B06,CFA0164,FRPlant,20
PCE031,H07,PRF004,C06,CFA0183,FRPlant,20
PCE046,G03,PRF004,D06,CFA0297,FRPlant,20
PCE046,F04,PRF004,E06,CFA0108,FRPlant,20
PCE042,G01,PRF004,F06,LIPME36455,FRPlant,20
PCE041,B05,PRF004,G06,LIPME36458,FRPlant,20
PCE042,B03,PRF004,H06,LIPME36154,FRPlant,20
PCE046,C06,PRF004,A07,CFA0124,FRPlant,20
PCE046,A05,PRF004,B07,CFA0205,FRPlant,20
PCE031,H01,PRF004,C07,CFA0169,FRPlant,20
PCE031,D03,PRF004,D07,CFA0156,FRPlant,20
PCE031,A01,PRF004,E07,CFA0339,FRPlant,20
PCE031,E07,PRF004,F07,CFA0173,FRPlant,20
PCE047,D02,PRF004,G07,CFA0317,FRPlant,20
PCE031,E08,PRF004,A08,LIPME36334,FRPlant,20
PCE041,D12,PRF004,B08,LIPME36536,FRPlant,20
PCE031,F08,PRF004,C08,LIPME36335,FRPlant,20
PCE041,B01,PRF004,D08,LIPME36178,FRPlant,20
PCE041,C11,PRF004,E08,LIPME36156,FRPlant,20
PCE031,B05,PRF004,F08,CFA0167,FRPlant,20
PCE041,B06,PRF004,G08,LIPME36498,FRPlant,20
PCE031,C01,PRF004,H08,CFA0334,FRPlant,20
PCE046,G07,PRF004,A09,CFA0105,FRPlant,20
PCE042,E08,PRF004,B09,LIPME36288,FRPlant,20
PCE042,F10,PRF004,C09,LIPME36286,FRPlant,20
PCE047,E02,PRF004,D09,CFA0322,FRPlant,20
PCE031,D02,PRF004,E09,LIPME36279,FRPlant,20
PCE042,H04,PRF004,F09,LIPME36453,FRPlant,20
PCE047,G01,PRF004,G09,CFA0135,FRPlant,20
PCE041,E07,PRF004,H09,LIPME36541,FRPlant,20
PCE041,H04,PRF004,A10,LIPME36184,FRPlant,20
PCE042,C03,PRF004,B10,LIPME36166,FRPlant,20
PCE042,C06,PRF004,C10,LIPME36167,FRPlant,20
PCE031,E01,PRF004,D10,LIPME36432,FRPlant,20
PCE046,E07,PRF004,E10,CFA0111,FRPlant,20
PCE041,G08,PRF004,F10,LIPME36447,FRPlant,20
PCE041,G12,PRF004,G10,LIPME36275,FRPlant,20
PCE047,E05,PRF004,H10,CFA0103,FRPlant,20
PCE047,B06,PRF004,B11,CFA0195,FRPlant,20
PCE042,E09,PRF004,C11,LIPME36283,FRPlant,20
PCE031,F07,PRF004,D11,CFA0337,FRPlant,20
PCE046,F05,PRF004,E11,CFA0264,FRPlant,20
PCE041,C02,PRF004,F11,LIPME36370,FRPlant,20
PCE031,H03,PRF004,G11,CFA0184,FRPlant,20
PCE041,C09,PRF004,H11,LIPME36499,FRPlant,20
PCE046,F02,PRF004,A12,CFA0237,FRPlant,20
PCE042,F07,PRF004,B12,LIPME36509,FRPlant,20
PCE046,G11,PRF004,C12,CFA0314,FRPlant,20
PCE046,D06,PRF004,D12,CFA0220,FRPlant,20
PCE042,E04,PRF004,E12,LIPME36409,FRPlant,20
PCE041,A12,PRF004,F12,LIPME36443,FRPlant,20
PCE042,G12,PRF004,G12,LIPME36161,FRPlant,20
PCE031,A05,PRF004,H12,CFA0324,FRPlant,20
PCE042,C11,PRF005,A01,LIPME36285,FRPlant,20
PCE046,E12,PRF005,B01,CFA0232,FRPlant,20
PCE042,G10,PRF005,C01,LIPME36175,FRPlant,20
PCE046,A02,PRF005,D01,CFA0045,FRPlant,20
PCE031,C08,PRF005,E01,LIPME36284,FRPlant,20
PCE031,B01,PRF005,F01,CFA0159,FRPlant,20
PCE042,G09,PRF005,G01,LIPME36360,FRPlant,20
PCE042,A08,PRF005,H01,LIPME36171,FRPlant,20
PCE046,E09,PRF005,A02,LIPME36579,FRPlant,20
PCE042,F12,PRF005,B02,LIPME36431,FRPlant,20
PCE041,A11,PRF005,C02,LIPME36439,FRPlant,20
PCE047,F04,PRF005,D02,LIPME36307,FRPlant,20
PCE046,E10,PRF005,F02,CFA0096,FRPlant,20
PCE042,H11,PRF005,G02,LIPME36433,FRPlant,20
PCE042,B09,PRF005,H02,LIPME36164,FRPlant,20
PCE047,H01,PRF005,A03,CFA0298,FRPlant,20
PCE031,D06,PRF005,B03,CFA0175,FRPlant,20
PCE047,A06,PRF005,C03,CFA0295,FRPlant,20
PCE031,B04,PRF005,D03,CFA0179,FRPlant,20
PCE046,B02,PRF005,F03,CFA0099,FRPlant,20
PCE042,E11,PRF005,G03,LIPME36413,FRPlant,20
PCE031,D08,PRF005,H03,LIPME36332,FRPlant,20
PCE046,B01,PRF005,A04,CFA0320,FRPlant,20
PCE041,B10,PRF005,B04,LIPME36436,FRPlant,20
PCE026,C09,PRF005,C04,LIPME36593,FRPlant,20
PCE031,B06,PRF005,D04,CFA0162,FRPlant,20
PCE046,A09,PRF005,E04,CFA0307,FRPlant,20
PCE041,A04,PRF005,F04,LIPME36181,FRPlant,20
PCE041,B07,PRF005,G04,LIPME36281,FRPlant,20
PCE046,D12,PRF005,H04,CFA0115,FRPlant,20
PCE041,A01,PRF005,A05,LIPME36504,FRPlant,20
PCE042,B08,PRF005,B05,LIPME36411,FRPlant,20
PCE042,H06,PRF005,C05,LIPME36414,FRPlant,20
PCE042,A03,PRF005,D05,LIPME36277,FRPlant,20
PCE047,B04,PRF005,E05,CFA0203,FRPlant,20
PCE041,C06,PRF005,F05,LIPME36533,FRPlant,20
PCE031,B08,PRF005,G05,CFA0328,FRPlant,20
PCE031,F06,PRF005,H05,LIPME36326,FRPlant,20
PCE031,G04,PRF005,A06,CFA0326,FRPlant,20
PCE046,F01,PRF005,C06,CFA0110,FRPlant,20
PCE031,G01,PRF005,D06,LIPME36274,FRPlant,20
PCE031,H08,PRF005,E06,LIPME36420,FRPlant,20
PCE031,F04,PRF005,F06,CFA0329,FRPlant,20
PCE031,C06,PRF005,G06,CFA0178,FRPlant,20
PCE041,H01,PRF005,H06,LIPME36173,FRPlant,20
PCE046,E08,PRF005,A07,CFA0218,FRPlant,20
PCE030,H05,PRF005,B07,LIPME36221,FRPlant,20
PCE031,F05,PRF005,C07,LIPME36429,FRPlant,20
PCE046,A06,PRF005,D07,CFA0213,FRPlant,20
PCE031,E04,PRF005,E07,CFA0161,FRPlant,20
PCE041,F06,PRF005,F07,LIPME36450,FRPlant,20
PCE046,F10,PRF005,G07,CFA0285,FRPlant,20
PCE046,H10,PRF005,H07,CFA0217,FRPlant,20
PCE042,E10,PRF005,B08,LIPME36445,FRPlant,20
PCE031,C07,PRF005,C08,CFA0332,FRPlant,20
PCE042,C07,PRF005,D08,LIPME36416,FRPlant,20
PCE041,G01,PRF005,E08,LIPME36528,FRPlant,20
PCE046,H04,PRF005,F08,CFA0125,FRPlant,20
PCE042,C10,PRF005,G08,LIPME36363,FRPlant,20
PCE047,D06,PRF005,H08,CFA0234,FRPlant,20
PCE041,A07,PRF005,A09,LIPME36540,FRPlant,20
PCE041,B04,PRF005,B09,LIPME36456,FRPlant,20
PCE041,A05,PRF005,C09,LIPME36280,FRPlant,20
PCE031,G02,PRF005,D09,CFA0171,FRPlant,20
PCE041,H03,PRF005,E09,LIPME36422,FRPlant,20
PCE042,D10,PRF005,F09,LIPME36496,FRPlant,20
PCE031,G05,PRF005,G09,CFA0336,FRPlant,20
PCE047,C04,PRF005,H09,CFA0132,FRPlant,20
PCE047,G05,PRF005,A10,CFA0098,FRPlant,20
PCE042,C08,PRF005,B10,LIPME36428,FRPlant,20
PCE046,H07,PRF005,C10,CFA0230,FRPlant,20
PCE041,D08,PRF005,D10,LIPME36371,FRPlant,20
PCE042,H03,PRF005,E10,LIPME36426,FRPlant,20
PCE042,G11,PRF005,F10,LIPME36159,FRPlant,20
PCE041,D02,PRF005,G10,LIPME36507,FRPlant,20
PCE042,G08,PRF005,H10,LIPME36373,FRPlant,20
PCE031,H04,PRF005,A11,LIPME36437,FRPlant,20
PCE042,D12,PRF005,B11,LIPME36530,FRPlant,20
PCE047,B01,PRF005,C11,CFA0268,FRPlant,20
PCE041,E02,PRF005,D11,LIPME36162,FRPlant,20
PCE042,B11,PRF005,E11,LIPME36494,FRPlant,20
PCE046,C03,PRF005,F11,CFA0192,FRPlant,20
PCE030,A05,PRF005,G11,LIPME36493,FRPlant,20
PCE041,H12,PRF005,H11,LIPME36419,FRPlant,20
PCE041,E03,PRF005,A12,LIPME36438,FRPlant,20
PCE042,G03,PRF005,B12,LIPME36502,FRPlant,20
PCE041,B02,PRF005,C12,LIPME36501,FRPlant,20
PCE047,D03,PRF005,D12,CFA0235,FRPlant,20
PCE041,A02,PRF005,E12,LIPME36169,FRPlant,20
PCE046,C05,PRF005,F12,CFA0300,FRPlant,20
PCE031,F02,PRF005,G12,CFA0181,FRPlant,20
PCE041,A08,PRF005,H12,LIPME36183,FRPlant,20
PCE046,A01,PRF006,B01,LIPME36581,FRPlant,20
PCE042,B07,PRF006,C01,LIPME36417,FRPlant,20
PCE042,B06,PRF006,D01,LIPME36176,FRPlant,20
PCE046,C12,PRF006,G01,CFA0212,FRPlant,20
PCE041,B12,PRF006,H01,LIPME36186,FRPlant,20
PCE042,B01,PRF006,A02,LIPME36368,FRPlant,20
PCE047,A03,PRF006,C02,CFA0101,FRPlant,20
PCE046,D04,PRF006,D02,CFA0196,FRPlant,20
PCE026,F11,PRG001,A01,CGX0159,DECompanionSoil,20
PCE026,H04,PRG001,B01,CGX0132,DECompanionSoil,20
PCE026,D12,PRG001,C01,CGX0131,DECompanionSoil,20
PCE026,D08,PRG001,D01,CGX0195,DECompanionSoil,20
PCE026,A12,PRG001,E01,CGX0197,DECompanionSoil,20
PCE026,C10,PRG001,F01,CGX0199,DECompanionSoil,20
PCE026,C11,PRG001,G01,CGX0125,DECompanionSoil,20
PCE026,G07,PRG001,A02,CGX0198,DECompanionSoil,20
PCE026,G04,PRG001,B02,CGX0158,DECompanionSoil,20
PCE026,F03,PRG001,C02,CGX0192,DECompanionSoil,20
PCE026,E12,PRG001,D02,CGX0194,DECompanionSoil,20
PCE048,B02,PRG001,E02,CGX0134,DECompanionSoil,20
PCE026,B12,PRG001,F02,CGX0124,DECompanionSoil,20
PCE026,F09,PRG001,G02,CGX0126,DECompanionSoil,20
PCE026,F04,PRG001,H02,CGX0151,DECompanionSoil,20
PCE048,H02,PRG001,A03,CGX0183,DECompanionSoil,20
PCE026,H09,PRG001,B03,CGX0141,DECompanionSoil,20
PCE049,H03,PRG001,C03,CGS0028,DECompanionSoil,20
PCE048,H11,PRG001,D03,CGS0026,DECompanionSoil,20
PCE048,H06,PRG001,E03,CGS0025,DECompanionSoil,20
PCE026,G11,PRG001,F03,CGX0193,DECompanionSoil,20
PCE026,A11,PRG001,G03,CGX0100,DECompanionSoil,20
PCE026,A07,PRG001,H03,CGX0142,DECompanionSoil,20
PCE026,A08,PRG001,A04,CGX0098,DECompanionSoil,20
PCE026,G10,PRG001,B04,CGX0196,DECompanionSoil,20
PCE048,H10,PRG001,D04,CGX0184,DECompanionSoil,20
PCE048,F09,PRG001,E04,CGX0167,DECompanionSoil,20
PCE026,F06,PRG001,F04,CGX0122,DECompanionSoil,20
PCE048,D09,PRG001,G04,CGS0004,DECompanionSoil,20
PCE048,C06,PRG001,H04,CGS0111,DECompanionSoil,20
PCE026,H10,PRG001,A05,CGX0127,DECompanionSoil,20
PCE049,C02,PRG001,B05,CGS0112,DECompanionSoil,20
PCE026,F05,PRG001,C05,CGX0191,DECompanionSoil,20
PCE026,E11,PRG001,D05,CGX0157,DECompanionSoil,20
PCE026,G02,PRG001,E05,CGX0156,DECompanionSoil,20
PCE026,F10,PRG001,H05,CGX0099,DECompanionSoil,20
PCE026,D11,PRG001,A06,CGX0190,DECompanionSoil,20
PCE049,H09,PRG001,B06,CGS0003,DECompanionSoil,20
PCE048,H08,PRG001,C06,CGX0168,DECompanionSoil,20
PCE049,G11,PRG001,D06,CGS0027,DECompanionSoil,20
PCE048,F10,PRG001,E06,CGS0001,DECompanionSoil,20
PCE026,C12,PRG001,F06,CGX0189,DECompanionSoil,20
PCE033,H09,PRG001,G06,CGX0094,DECompanionSoil,20
PCE026,E03,PRG001,H06,CGX0123,DECompanionSoil,20
PCE048,G05,PRG001,A07,CGS0109,DECompanionSoil,20
PCE048,D10,PRG001,B07,CGS0110,DECompanionSoil,20
PCE048,F08,PRG001,C07,CGX0133,DECompanionSoil,20
PCE026,F02,PRG001,D07,CGX0150,DECompanionSoil,20
PCE026,C08,PRG001,E07,CGX0200,DECompanionSoil,20
PCE048,G09,PRG001,F07,CGS0002,DECompanionSoil,20
PCE003,B09,PRG002,A01,CGA0211m,DEMembrane,20
PCE048,A03,PRG002,B01,CGA0509m,DEMembrane,20
PCE002,E09,PRG002,C01,CGA0389m,DEMembrane,20
PCE004,B03,PRG002,D01,CGA0540m,DEMembrane,20
PCE003,D10,PRG002,E01,CGA0275m,DEMembrane,20
PCE048,E10,PRG002,F01,CGA0147m,DEMembrane,20
PCE048,D12,PRG002,G01,CGA0513m,DEMembrane,20
PCE004,C05,PRG002,H01,CGA0530m,DEMembrane,20
PCE030,C10,PRG002,A02,CGA0817m,DEMembrane,20
PCE002,E12,PRG002,B02,CGA0182m,DEMembrane,20
PCE003,F11,PRG002,C02,CGA0294m,DEMembrane,20
PCE003,F06,PRG002,D02,CGA0265m,DEMembrane,20
PCE004,C08,PRG002,E02,CGA0553m,DEMembrane,20
PCE002,B12,PRG002,G02,CGA0169m,DEMembrane,20
PCE003,D12,PRG002,H02,CGA0283m,DEMembrane,20
PCE002,F11,PRG002,A03,CGA1103m,DEMembrane,20
PCE003,C07,PRG002,B03,CGA0204m,DEMembrane,20
PCE030,F09,PRG002,C03,CGA0857m,DEMembrane,20
PCE004,F07,PRG002,D03,CGA1114m,DEMembrane,20
PCE002,F06,PRG002,E03,CGA0212m,DEMembrane,20
PCE003,G05,PRG002,F03,CGA0224m,DEMembrane,20
PCE002,B10,PRG002,G03,CGA0177m,DEMembrane,20
PCE048,G10,PRG002,H03,CGA0144m,DEMembrane,20
PCE030,A10,PRG002,A04,CGA9999m,DEMembrane,20
PCE003,F12,PRG002,B04,CGA0229m,DEMembrane,20
PCE003,E06,PRG002,C04,CGA0233m,DEMembrane,20
PCE004,H11,PRG002,D04,CGA0203m,DEMembrane,20
PCE002,E06,PRG002,E04,CGA0384m,DEMembrane,20
PCE030,B11,PRG002,F04,CGA0836m,DEMembrane,20
PCE048,E04,PRG002,G04,CGA0151m,DEMembrane,20
PCE004,G05,PRG002,H04,CGA0554m,DEMembrane,20
PCE002,B09,PRG002,A05,CGA0524m,DEMembrane,20
PCE048,H01,PRG002,B05,CGA0190m,DEMembrane,20
PCE002,D09,PRG002,C05,CGA0500m,DEMembrane,20
PCE002,D12,PRG002,D05,CGA0167m,DEMembrane,20
PCE002,G05,PRG002,E05,CGA0253m,DEMembrane,20
PCE003,H05,PRG002,F05,CGA0208m,DEMembrane,20
PCE003,H12,PRG002,G05,CGA0342m,DEMembrane,20
PCE048,F04,PRG002,A06,CGA0506m,DEMembrane,20
PCE030,H09,PRG002,B06,CGA0990m,DEMembrane,20
PCE003,F09,PRG002,C06,CGA0456m,DEMembrane,20
PCE030,G09,PRG002,D06,CGA0780m,DEMembrane,20
PCE030,D09,PRG002,E06,CGA0596m,DEMembrane,20
PCE002,F04,PRG002,F06,CGA0411m,DEMembrane,20
PCE003,G09,PRG002,G06,CGA0240m,DEMembrane,20
PCE003,E01,PRG002,H06,CGA0441m,DEMembrane,20
PCE003,G02,PRG002,B07,CGA0339m,DEMembrane,20
PCE048,E01,PRG002,C07,CGA0187m,DEMembrane,20
PCE004,A09,PRG002,D07,CGA0559m,DEMembrane,20
PCE004,E09,PRG002,E07,CGA0374m,DEMembrane,20
PCE003,A05,PRG002,F07,CGA0288m,DEMembrane,20
PCE003,F05,PRG002,G07,CGA0350m,DEMembrane,20
PCE002,F02,PRG002,H07,CGA0162m,DEMembrane,20
PCE004,F02,PRG002,A08,CGA0246m,DEMembrane,20
PCE004,F10,PRG002,B08,CGA0575m,DEMembrane,20
PCE030,D10,PRG002,D08,CGA0980m,DEMembrane,20
PCE003,F03,PRG002,E08,CGA0341m,DEMembrane,20
PCE048,C11,PRG002,F08,CGA0139m,DEMembrane,20
PCE003,E05,PRG002,G08,CGA0449m,DEMembrane,20
PCE004,A01,PRG002,H08,CGA0564m,DEMembrane,20
PCE048,D05,PRG002,A09,CGA0142m,DEMembrane,20
PCE002,A06,PRG002,B09,CGA0126m,DEMembrane,20
PCE002,A11,PRG002,C09,CGA0519m,DEMembrane,20
PCE048,E06,PRG002,D09,CGA0514m,DEMembrane,20
PCE003,E10,PRG002,E09,CGA0321m,DEMembrane,20
PCE004,B05,PRG002,F09,CGA0425m,DEMembrane,20
PCE002,C02,PRG002,G09,CGA0497m,DEMembrane,20
PCE002,A07,PRG002,H09,CGA0379m,DEMembrane,20
PCE003,B01,PRG002,A10,CGA0230m,DEMembrane,20
PCE003,A09,PRG002,B10,CGA0325m,DEMembrane,20
PCE003,B03,PRG002,C10,CGA0454m,DEMembrane,20
PCE004,C09,PRG002,D10,CGA1107m,DEMembrane,20
PCE002,D04,PRG002,E10,CGA0184m,DEMembrane,20
PCE003,B04,PRG002,F10,CGA0358m,DEMembrane,20
PCE003,E08,PRG002,G10,CGA0241m,DEMembrane,20
PCE002,E01,PRG002,H10,CGA1105m,DEMembrane,20
PCE004,E04,PRG002,A11,CGA0465m,DEMembrane,20
PCE003,D03,PRG002,B11,CGA0352m,DEMembrane,20
PCE003,E09,PRG002,C11,CGA0349m,DEMembrane,20
PCE004,C01,PRG002,D11,CGA0808m,DEMembrane,20
PCE004,A04,PRG002,E11,CGA0475m,DEMembrane,20
PCE002,B02,PRG002,F11,CGA0498m,DEMembrane,20
PCE002,B11,PRG002,G11,CGA0176m,DEMembrane,20
PCE030,G11,PRG002,H11,CGA0868m,DEMembrane,20
PCE002,A03,PRG002,A12,CGA0164m,DEMembrane,20
PCE002,B01,PRG002,B12,CGA0157m,DEMembrane,20
PCE004,H08,PRG002,C12,CGA0432m,DEMembrane,20
PCE002,B04,PRG002,D12,CGA0166m,DEMembrane,20
PCE048,E03,PRG002,E12,CGA0200m,DEMembrane,20
PCE002,A10,PRG002,F12,CGA0181m,DEMembrane,20
PCE002,B03,PRG002,G12,CGA0381m,DEMembrane,20
PCE003,B06,PRG002,H12,CGA0309m,DEMembrane,20
PCE004,G04,PRG003,A01,CGA0459m,DEMembrane,20
PCE048,D06,PRG003,B01,CGA1110m,DEMembrane,20
PCE048,H04,PRG003,C01,CGA1101m,DEMembrane,20
PCE003,E04,PRG003,D01,CGA0336m,DEMembrane,20
PCE030,G10,PRG003,E01,CGA0656m,DEMembrane,20
PCE002,A04,PRG003,F01,CGA0492m,DEMembrane,20
PCE003,D07,PRG003,G01,CGA0238m,DEMembrane,20
PCE002,F05,PRG003,H01,CGA1109m,DEMembrane,20
PCE030,C09,PRG003,A02,CGA0779m,DEMembrane,20
PCE030,H11,PRG003,B02,CGA0960m,DEMembrane,20
PCE004,G08,PRG003,C02,CGA0461m,DEMembrane,20
PCE003,H11,PRG003,D02,CGA0210m,DEMembrane,20
PCE004,D03,PRG003,E02,CGA0535m,DEMembrane,20
PCE048,E09,PRG003,F02,CGA0516m,DEMembrane,20
PCE004,G06,PRG003,G02,CGA1113m,DEMembrane,20
PCE003,G12,PRG003,H02,CGA0320m,DEMembrane,20
PCE002,G12,PRG003,C03,CGA0161m,DEMembrane,20
PCE003,D04,PRG003,D03,CGA0286m,DEMembrane,20
PCE002,B08,PRG003,E03,CGA0128m,DEMembrane,20
PCE003,A03,PRG003,F03,CGA0353m,DEMembrane,20
PCE004,A10,PRG003,G03,CGA0548m,DEMembrane,20
PCE002,H12,PRG003,H03,CGA0405m,DEMembrane,20
PCE004,F05,PRG003,A04,CGA1111m,DEMembrane,20
PCE004,C02,PRG003,B04,CGA0373m,DEMembrane,20
PCE003,C11,PRG003,C04,CGA0297m,DEMembrane,20
PCE002,E07,PRG003,D04,CGA0525m,DEMembrane,20
PCE004,E03,PRG003,E04,CGA0557m,DEMembrane,20
PCE030,A09,PRG003,F04,CGA0615m,DEMembrane,20
PCE002,G11,PRG003,G04,CGA0125m,DEMembrane,20
PCE048,C03,PRG003,H04,CGA0195m,DEMembrane,20
PCE048,A12,PRG003,A05,CGA0193m,DEMembrane,20
PCE003,A10,PRG003,B05,CGA0272m,DEMembrane,20
PCE048,A09,PRG003,C05,CGA0150m,DEMembrane,20
PCE002,C06,PRG003,D05,CGA0251m,DEMembrane,20
PCE004,H06,PRG003,E05,CGA0567m,DEMembrane,20
PCE002,B07,PRG003,F05,CGA0387m,DEMembrane,20
PCE030,B09,PRG003,G05,CGA0724m,DEMembrane,20
PCE002,F09,PRG003,H05,CGA0393m,DEMembrane,20
PCE003,H01,PRG003,A06,CGA0222m,DEMembrane,20
PCE004,E07,PRG003,B06,CGA0543m,DEMembrane,20
PCE030,A11,PRG003,C06,CGA0587m,DEMembrane,20
PCE003,E11,PRG003,D06,CGA0225m,DEMembrane,20
PCE003,G06,PRG003,E06,CGA0293m,DEMembrane,20
PCE003,A12,PRG003,F06,CGA0344m,DEMembrane,20
PCE002,H02,PRG003,G06,CGA0382m,DEMembrane,20
PCE003,E02,PRG003,H06,CGA0313m,DEMembrane,20
PCE048,B12,PRG003,A07,CGA0213m,DEMembrane,20
PCE002,E03,PRG003,B07,CGA0419m,DEMembrane,20
PCE004,B11,PRG003,C07,CGA0478m,DEMembrane,20
PCE003,D01,PRG003,D07,CGA0269m,DEMembrane,20
PCE004,H03,PRG003,E07,CGA0430m,DEMembrane,20
PCE002,A08,PRG003,F07,CGA0527m,DEMembrane,20
PCE003,A06,PRG003,G07,CGA0232m,DEMembrane,20
PCE002,F08,PRG003,H07,CGA1104m,DEMembrane,20
PCE003,G11,PRG003,A08,CGA0227m,DEMembrane,20
PCE004,D04,PRG003,B08,CGA0806m,DEMembrane,20
PCE003,A11,PRG003,C08,CGA0360m,DEMembrane,20
PCE004,D06,PRG003,D08,CGA0545m,DEMembrane,20
PCE030,E11,PRG003,E08,CGA0847m,DEMembrane,20
PCE003,C01,PRG003,F08,CGA0338m,DEMembrane,20
PCE002,E11,PRG003,G08,CGA0131m,DEMembrane,20
PCE002,G06,PRG003,H08,CGA0397m,DEMembrane,20
PCE003,B11,PRG003,A09,CGA0209m,DEMembrane,20
PCE003,G04,PRG003,B09,CGA0443m,DEMembrane,20
PCE003,A07,PRG003,C09,CGA0281m,DEMembrane,20
PCE002,G08,PRG003,D09,CGA0264m,DEMembrane,20
PCE002,B06,PRG003,E09,CGA0413m,DEMembrane,20
PCE004,D08,PRG003,F09,CGA0470m,DEMembrane,20
PCE002,H10,PRG003,G09,CGA0121m,DEMembrane,20
PCE048,D03,PRG003,H09,CGA0501m,DEMembrane,20
PCE048,E07,PRG003,A10,CGA0145m,DEMembrane,20
PCE002,F10,PRG003,B10,CGA0179m,DEMembrane,20
PCE048,D02,PRG003,C10,CGA0192m,DEMembrane,20
PCE004,A02,PRG003,D10,CGA0541m,DEMembrane,20
PCE004,D09,PRG003,E10,CGA0457m,DEMembrane,20
PCE002,A01,PRG003,F10,CGA0377m,DEMembrane,20
PCE002,C12,PRG003,G10,CGA0490m,DEMembrane,20
PCE030,F11,PRG003,H10,CGA0635m,DEMembrane,20
PCE002,A09,PRG003,A11,CGA0174m,DEMembrane,20
PCE048,E02,PRG003,B11,CGA0503m,DEMembrane,20
PCE004,H10,PRG003,C11,CGA0578m,DEMembrane,20
PCE002,E04,PRG003,D11,CGA0422m,DEMembrane,20
PCE004,F06,PRG003,E11,CGA0371m,DEMembrane,20
PCE002,H07,PRG003,F11,CGA1102m,DEMembrane,20
PCE030,C11,PRG003,G11,CGA0713m,DEMembrane,20
PCE002,E05,PRG003,H11,CGA0495m,DEMembrane,20
PCE003,C04,PRG003,A12,CGA0334m,DEMembrane,20
PCE030,B10,PRG003,B12,CGA0790m,DEMembrane,20
PCE003,E03,PRG003,C12,CGA0307m,DEMembrane,20
PCE003,C02,PRG003,E12,CGA0347m,DEMembrane,20
PCE004,G01,PRG003,F12,CGA0366m,DEMembrane,20
PCE004,F04,PRG003,H12,CGA0577m,DEMembrane,20
PCE002,D01,PRG004,A01,CGA0136m,DEMembrane,20
PCE002,D10,PRG004,B01,CGA0249m,DEMembrane,20
PCE004,B06,PRG004,C01,CGA0572m,DEMembrane,20
PCE048,F06,PRG004,D01,CGA0508m,DEMembrane,20
PCE004,E06,PRG004,E01,CGA0477m,DEMembrane,20
PCE004,E02,PRG004,F01,CGA0481m,DEMembrane,20
PCE002,D07,PRG004,G01,CGA0417m,DEMembrane,20
PCE004,H02,PRG004,H01,CGA0369m,DEMembrane,20
PCE004,G03,PRG004,A02,CGA0805m,DEMembrane,20
PCE003,F01,PRG004,B02,CGA0285m,DEMembrane,20
PCE048,B04,PRG004,C02,CGA0505m,DEMembrane,20
PCE003,B10,PRG004,D02,CGA0304m,DEMembrane,20
PCE003,C09,PRG004,E02,CGA0270m,DEMembrane,20
PCE004,D11,PRG004,F02,CGA0376m,DEMembrane,20
PCE003,B02,PRG004,G02,CGA0317m,DEMembrane,20
PCE003,A01,PRG004,H02,CGA0221m,DEMembrane,20
PCE004,E10,PRG004,A03,CGA0363m,DEMembrane,20
PCE003,G10,PRG004,B03,CGA0453m,DEMembrane,20
PCE003,C10,PRG004,C03,CGA0345m,DEMembrane,20
PCE004,B07,PRG004,D03,CGA0532m,DEMembrane,20
PCE004,B08,PRG004,E03,CGA0469m,DEMembrane,20
PCE004,F08,PRG004,F03,CGA0368m,DEMembrane,20
PCE004,H01,PRG004,G03,CGA0573m,DEMembrane,20
PCE002,H08,PRG004,H03,CGA0400m,DEMembrane,20
PCE003,H02,PRG004,A04,CGA0333m,DEMembrane,20
PCE002,D05,PRG004,B04,CGA0216m,DEMembrane,20
PCE002,C07,PRG004,C04,CGA0485m,DEMembrane,20
PCE002,D02,PRG004,D04,CGA0215m,DEMembrane,20
PCE030,D12,PRG004,E04,CGA1100m,DEMembrane,20
PCE004,E01,PRG004,F04,CGA0433m,DEMembrane,20
PCE004,F11,PRG004,G04,CGA0438m,DEMembrane,20
PCE030,E10,PRG004,H04,CGA0703m,DEMembrane,20
PCE003,D05,PRG004,A05,CGA0235m,DEMembrane,20
PCE002,D06,PRG004,B05,CGA0254m,DEMembrane,20
PCE002,H01,PRG004,D05,CGA0493m,DEMembrane,20
PCE002,F01,PRG004,E05,CGA0134m,DEMembrane,20
PCE002,G01,PRG004,F05,CGA0390m,DEMembrane,20
PCE002,C03,PRG004,G05,CGA0385m,DEMembrane,20
PCE003,G07,PRG004,H05,CGA0318m,DEMembrane,20
PCE004,B09,PRG004,A06,CGA0529m,DEMembrane,20
PCE002,G10,PRG004,B06,CGA0406m,DEMembrane,20
PCE002,G04,PRG004,C06,CGA0123m,DEMembrane,20
PCE004,D02,PRG004,D06,CGA0556m,DEMembrane,20
PCE003,F08,PRG004,E06,CGA0328m,DEMembrane,20
PCE002,H05,PRG004,F06,CGA0261m,DEMembrane,20
PCE003,A02,PRG004,G06,CGA0219m,DEMembrane,20
PCE030,E12,PRG004,H06,CGA0742m,DEMembrane,20
PCE048,A08,PRG004,A07,CGA0149m,DEMembrane,20
PCE030,F10,PRG004,B07,CGA0969m,DEMembrane,20
PCE004,B01,PRG004,C07,CGA0480m,DEMembrane,20
PCE030,E09,PRG004,D07,CGA0666m,DEMembrane,20
PCE002,C08,PRG004,E07,CGA0517m,DEMembrane,20
PCE002,F12,PRG004,F07,CGA0401m,DEMembrane,20
PCE004,B10,PRG004,G07,CGA1112m,DEMembrane,20
PCE004,D07,PRG004,H07,CGA0533m,DEMembrane,20
PCE048,A10,PRG004,A08,CGA0198m,DEMembrane,20
PCE030,G12,PRG004,B08,CGA1053m,DEMembrane,20
PCE002,E10,PRG004,C08,CGA0487m,DEMembrane,20
PCE004,B02,PRG004,D08,CGA0537m,DEMembrane,20
PCE003,F02,PRG004,E08,CGA0329m,DEMembrane,20
PCE004,F01,PRG004,F08,CGA0551m,DEMembrane,20
PCE002,D08,PRG004,G08,CGA0256m,DEMembrane,20
PCE004,A12,PRG004,H08,CGA0427m,DEMembrane,20
PCE004,G11,PRG004,A09,CGA0467m,DEMembrane,20
PCE002,C05,PRG004,B09,CGA0133m,DEMembrane,20
PCE002,G07,PRG004,C09,CGA0171m,DEMembrane,20
PCE004,C03,PRG004,D09,CGA0473m,DEMembrane,20
PCE048,A11,PRG004,E09,CGA0137m,DEMembrane,20
PCE004,D10,PRG004,F09,CGA0440m,DEMembrane,20
PCE003,H10,PRG004,G09,CGA0217m,DEMembrane,20
PCE003,B08,PRG004,H09,CGA0237m,DEMembrane,20
PCE004,G02,PRG004,A10,CGA0435m,DEMembrane,20
PCE004,C06,PRG004,B10,CGA0365m,DEMembrane,20
PCE003,B12,PRG004,C10,CGA0323m,DEMembrane,20
PCE004,A08,PRG004,E10,CGA1106m,DEMembrane,20
PCE030,A12,PRG004,F10,CGA1021m,DEMembrane,20
PCE003,E07,PRG004,G10,CGA0202m,DEMembrane,20
PCE002,G09,PRG004,H10,CGA0259m,DEMembrane,20
PCE004,C11,PRG004,B11,CGA0248m,DEMembrane,20
PCE002,D11,PRG004,C11,CGA0155m,DEMembrane,20
PCE002,H09,PRG004,D11,CGA0153m,DEMembrane,20
PCE030,H10,PRG004,E11,CGA1001m,DEMembrane,20
PCE048,H12,PRG004,F11,CGA0511m,DEMembrane,20
PCE003,B07,PRG004,G11,CGA0299m,DEMembrane,20
PCE003,C08,PRG004,H11,CGA0326m,DEMembrane,20
PCE004,G07,PRG004,A12,CGA0565m,DEMembrane,20
PCE002,G03,PRG004,B12,CGA0158m,DEMembrane,20
PCE004,B04,PRG004,C12,CGA0561m,DEMembrane,20
PCE004,E08,PRG004,D12,CGA0437m,DEMembrane,20
PCE004,F09,PRG004,E12,CGA0538m,DEMembrane,20
PCE002,H04,PRG004,G12,CGA0398m,DEMembrane,20
PCE002,E08,PRG004,H12,CGA0424m,DEMembrane,20
PCE003,E12,PRG005,A01,CGA0315m,DEMembrane,20
PCE003,C05,PRG005,B01,CGA0301m,DEMembrane,20
PCE002,C01,PRG005,C01,CGA0409m,DEMembrane,20
PCE002,C04,PRG005,D01,CGA0129m,DEMembrane,20
PCE030,F12,PRG005,E01,CGA0789m,DEMembrane,20
PCE003,C03,PRG005,F01,CGA0446m,DEMembrane,20
PCE002,B05,PRG005,G01,CGA0403m,DEMembrane,20
PCE004,A11,PRG005,H01,CGA0464m,DEMembrane,20
PCE002,A12,PRG005,A02,CGA0414m,DEMembrane,20
PCE004,A03,PRG005,B02,CGA0549m,DEMembrane,20
PCE004,A05,PRG005,C02,CGA0245m,DEMembrane,20
PCE002,A02,PRG005,D02,CGA0408m,DEMembrane,20
PCE004,C04,PRG005,E02,CGA0207m,DEMembrane,20
PCE003,D11,PRG005,F02,CGA0302m,DEMembrane,20
PCE003,H03,PRG005,G02,CGA0448m,DEMembrane,20
PCE002,G02,PRG005,H02,CGA0395m,DEMembrane,20
PCE004,H09,PRG005,A03,CGA0562m,DEMembrane,20
PCE003,D08,PRG005,B03,CGA0312m,DEMembrane,20
PCE003,H07,PRG005,C03,CGA0267m,DEMembrane,20
PCE003,B05,PRG005,D03,CGA0273m,DEMembrane,20
PCE003,G01,PRG005,E03,CGA0243m,DEMembrane,20
PCE002,D03,PRG005,F03,CGA0160m,DEMembrane,20
PCE002,H03,PRG005,G03,CGA0421m,DEMembrane,20
PCE003,D06,PRG005,H03,CGA0206m,DEMembrane,20
PCE003,C06,PRG005,A04,CGA0280m,DEMembrane,20
PCE004,H07,PRG005,B04,CGA0483m,DEMembrane,20
PCE003,A08,PRG005,C04,CGA0296m,DEMembrane,20
PCE002,H06,PRG005,D04,CGA0173m,DEMembrane,20
PCE003,D02,PRG005,F04,CGA0205m,DEMembrane,20
PCE004,H05,PRG005,G04,CGA0580m,DEMembrane,20
PCE048,E11,PRG005,H04,CGA0189m,DEMembrane,20
PCE030,B12,PRG005,A05,CGA0704m,DEMembrane,20
PCE004,A06,PRG005,B05,CGA0361m,DEMembrane,20
PCE003,A04,PRG005,C05,CGA0357m,DEMembrane,20
PCE003,C12,PRG005,D05,CGA0331m,DEMembrane,20
PCE048,G06,PRG005,E05,CGA0185m,DEMembrane,20
PCE003,F07,PRG005,F05,CGA0445m,DEMembrane,20
PCE004,E11,PRG005,G05,CGA0546m,DEMembrane,20
PCE003,H09,PRG005,H05,CGA0355m,DEMembrane,20
PCE003,H08,PRG005,A06,CGA0451m,DEMembrane,20
PCE004,F03,PRG005,B06,CGA1108m,DEMembrane,20
PCE004,C07,PRG005,C06,CGA0472m,DEMembrane,20
PCE004,G10,PRG005,D06,CGA0569m,DEMembrane,20
PCE003,H04,PRG005,F06,CGA0305m,DEMembrane,20
PCE048,B01,PRG005,G06,CGA0141m,DEMembrane,20
PCE004,C10,PRG005,H06,CGA0429m,DEMembrane,20
PCE002,C11,PRG005,A07,CGA0392m,DEMembrane,20
PCE004,A07,PRG005,C07,CGA0462m,DEMembrane,20
PCE003,G03,PRG005,D07,CGA0291m,DEMembrane,20
PCE002,C09,PRG005,E07,CGA0489m,DEMembrane,20
PCE002,E02,PRG005,G07,CGA0522m,DEMembrane,20
PCE002,C10,PRG005,H07,CGA0521m,DEMembrane,20
PCE003,G08,PRG005,A08,CGA0277m,DEMembrane,20
PCE002,F03,PRG005,B08,CGA0257m,DEMembrane,20
PCE030,D11,PRG005,C08,CGA0800m,DEMembrane,20
PCE003,D09,PRG005,D08,CGA0310m,DEMembrane,20
PCE030,C12,PRG005,E08,CGA0858m,DEMembrane,20
PCE002,A05,PRG005,F08,CGA0416m,DEMembrane,20
PCE003,H06,PRG005,G08,CGA0278m,DEMembrane,20
PCE004,D05,PRG005,H08,CGA0570m,DEMembrane,20
PCE048,C01,PRG005,A09,CGA0197m,DEMembrane,20
PCE041,H11,PRG006,A01,CGA0313,DEPlant,20
PCE042,G04,PRG006,B01,CGA0237,DEPlant,20
PCE041,E09,PRG006,C01,CGA0235,DEPlant,20
PCE045,G05,PRG006,D01,CGA0577,DEPlant,20
PCE042,E12,PRG006,E01,CGA0281,DEPlant,20
PCE041,C04,PRG006,F01,CGA0288,DEPlant,20
PCE041,B11,PRG006,G01,CGA0309,DEPlant,20
PCE042,A07,PRG006,H01,CGA0246,DEPlant,20
PCE046,E04,PRG006,A02,CGA0561,DEPlant,20
PCE046,D03,PRG006,B02,CGA0413,DEPlant,20
PCE041,H02,PRG006,C02,CGA0293,DEPlant,20
PCE046,H11,PRG006,D02,CGA0437,DEPlant,20
PCE045,H04,PRG006,E02,CGA0171,DEPlant,20
PCE042,H01,PRG006,F02,CGA0352,DEPlant,20
PCE047,E03,PRG006,G02,CGA0384,DEPlant,20
PCE045,E01,PRG006,H02,CGA0182,DEPlant,20
PCE041,H07,PRG006,A03,CGA0453,DEPlant,20
PCE045,F10,PRG006,B03,CGA0538,DEPlant,20
PCE045,E06,PRG006,C03,CGA0575,DEPlant,20
PCE031,A07,PRG006,D03,CGA0122,DEPlant,20
PCE042,H08,PRG006,E03,CGA0217,DEPlant,20
PCE046,C01,PRG006,F03,CGA0379,DEPlant,20
PCE046,D10,PRG006,G03,CGA0516,DEPlant,20
PCE045,F07,PRG006,A04,CGA0193,DEPlant,20
PCE045,D12,PRG006,B04,CGA0400,DEPlant,20
PCE045,H06,PRG006,C04,CGA0155,DEPlant,20
PCE042,A10,PRG006,E04,CGA0230,DEPlant,20
PCE045,A02,PRG006,F04,CGA0153,DEPlant,20
PCE045,D03,PRG006,G04,CGA0121,DEPlant,20
PCE047,F05,PRG006,H04,CGA0377,DEPlant,20
PCE042,C09,PRG006,A05,CGA0342,DEPlant,20
PCE045,G02,PRG006,B05,CGA0493,DEPlant,20
PCE042,F11,PRG006,C05,CGA0297,DEPlant,20
PCE047,C02,PRG006,D05,CGA0257,DEPlant,20
PCE047,B03,PRG006,E05,CGA0405,DEPlant,20
PCE047,E01,PRG006,F05,CGA0382,DEPlant,20
PCE046,D01,PRG006,G05,CGA0392,DEPlant,20
PCE045,E11,PRG006,H05,CGA0521,DEPlant,20
PCE042,A05,PRG006,A06,CGA0353,DEPlant,20
PCE042,G07,PRG006,B06,CGA0280,DEPlant,20
PCE041,C05,PRG006,C06,CGA0265,DEPlant,20
PCE047,B05,PRG006,D06,CGA0553,DEPlant,20
PCE045,C09,PRG006,E06,CGA0403,DEPlant,20
PCE046,F11,PRG006,F06,CGA0500,DEPlant,20
PCE045,B11,PRG006,H06,CGA0184,DEPlant,20
PCE031,A04,PRG006,A07,CGA0132,DEPlant,20
PCE045,H08,PRG006,B07,CGA0163,DEPlant,20
PCE047,H03,PRG006,C07,CGA0387,DEPlant,20
PCE046,A11,PRG006,D07,CGA0514,DEPlant,20
PCE041,H10,PRG006,E07,CGA0289,DEPlant,20
PCE046,C09,PRG006,F07,CGA0264,DEPlant,20
PCE047,G02,PRG006,G07,CGA0409,DEPlant,20
PCE042,D06,PRG006,H07,CGA0229,DEPlant,20
PCE046,G05,PRG006,A08,CGA0508,DEPlant,20
PCE045,E02,PRG006,B08,CGA0128,DEPlant,20
PCE046,E02,PRG006,C08,CGA0385,DEPlant,20
PCE047,D01,PRG006,D08,CGA0424,DEPlant,20
PCE041,F03,PRG006,E08,CGA0337,DEPlant,20
PCE046,G08,PRG006,F08,CGA0506,DEPlant,20
PCE046,B09,PRG006,G08,CGA0429,DEPlant,20
PCE045,F11,PRG006,H08,CGA0161,DEPlant,20
PCE031,D07,PRG006,A09,CGA0486,DEPlant,20
PCE041,A10,PRG006,B09,CGA0368,DEPlant,20
PCE046,D11,PRG006,C09,CGA0256,DEPlant,20
PCE046,F03,PRG006,D09,CGA0554,DEPlant,20
PCE042,D01,PRG006,F09,CGA0443,DEPlant,20
PCE045,G01,PRG006,G09,CGA0197,DEPlant,20
PCE041,G10,PRG006,H09,CGA0232,DEPlant,20
PCE041,F11,PRG006,A10,CGA0333,DEPlant,20
PCE046,B11,PRG006,B10,CGA0381,DEPlant,20
PCE045,A07,PRG006,C10,CGA0543,DEPlant,20
PCE042,G02,PRG006,D10,CGA0302,DEPlant,20
PCE045,F08,PRG006,E10,CGA0541,DEPlant,20
PCE031,F01,PRG006,F10,CGA0154,DEPlant,20
PCE031,F03,PRG006,G10,CGA0510,DEPlant,20
PCE046,G12,PRG006,H10,CGA0481,DEPlant,20
PCE045,A10,PRG006,A11,CGA0160,DEPlant,20
PCE031,B03,PRG006,B11,CGA0426,DEPlant,20
PCE046,B08,PRG006,C11,CGA0470,DEPlant,20
PCE047,D04,PRG006,D11,CGA0416,DEPlant,20
PCE045,F12,PRG006,E11,CGA0522,DEPlant,20
PCE041,G02,PRG006,F11,CGA0318,DEPlant,20
PCE045,E04,PRG006,G11,CGA0179,DEPlant,20
PCE045,D04,PRG006,H11,CGA0166,DEPlant,20
PCE045,G10,PRG006,A12,CGA0517,DEPlant,20
PCE046,C10,PRG006,B12,CGA0414,DEPlant,20
PCE046,A03,PRG006,C12,CGA0564,DEPlant,20
PCE042,E07,PRG006,D12,CGA0285,DEPlant,20
PCE041,D06,PRG006,E12,CGA0291,DEPlant,20
PCE041,F01,PRG006,F12,CGA0269,DEPlant,20
PCE045,E10,PRG006,G12,CGA0524,DEPlant,20
PCE046,C11,PRG006,H12,CGA0549,DEPlant,20
PCE046,H08,PRG007,A01,CGA0462,DEPlant,20
PCE041,A09,PRG007,B01,CGA0366,DEPlant,20
PCE041,C03,PRG007,C01,CGA0363,DEPlant,20
PCE047,H04,PRG007,D01,CGA0417,DEPlant,20
PCE042,E03,PRG007,E01,CGA0227,DEPlant,20
PCE045,D06,PRG007,F01,CGA0533,DEPlant,20
PCE042,C01,PRG007,G01,CGA0286,DEPlant,20
PCE041,C07,PRG007,H01,CGA0307,DEPlant,20
PCE042,D09,PRG007,B02,CGA0445,DEPlant,20
PCE047,E04,PRG007,C02,CGA0464,DEPlant,20
PCE045,E12,PRG007,D02,CGA0548,DEPlant,20
PCE031,D01,PRG007,E02,CGA0494,DEPlant,20
PCE045,A06,PRG007,F02,CGA0139,DEPlant,20
PCE042,H02,PRG007,G02,CGA0451,DEPlant,20
PCE045,F06,PRG007,H02,CGA0150,DEPlant,20
PCE041,B08,PRG007,A03,CGA0277,DEPlant,20
PCE045,B03,PRG007,B03,CGA0123,DEPlant,20
PCE042,C04,PRG007,C03,CGA0448,DEPlant,20
PCE047,D05,PRG007,D03,CGA0395,DEPlant,20
PCE045,H03,PRG007,E03,CGA0198,DEPlant,20
PCE041,F09,PRG007,F03,CGA0278,DEPlant,20
PCE041,E04,PRG007,G03,CGA0360,DEPlant,20
PCE045,D07,PRG007,H03,CGA0136,DEPlant,20
PCE045,G11,PRG007,A04,CGA0406,DEPlant,20
PCE041,D05,PRG007,B04,CGA0222,DEPlant,20
PCE046,B12,PRG007,C04,CGA0435,DEPlant,20
PCE041,D04,PRG007,E04,CGA0275,DEPlant,20
PCE046,D09,PRG007,F04,CGA0422,DEPlant,20
PCE041,F05,PRG007,G04,CGA0225,DEPlant,20
PCE045,C02,PRG007,H04,CGA0567,DEPlant,20
PCE045,H10,PRG007,A05,CGA0497,DEPlant,20
PCE041,G09,PRG007,B05,CGA0441,DEPlant,20
PCE042,A01,PRG007,C05,CGA0317,DEPlant,20
PCE045,D09,PRG007,D05,CGA0147,DEPlant,20
PCE046,G04,PRG007,E05,CGA0475,DEPlant,20
PCE045,H05,PRG007,F05,CGA0545,DEPlant,20
PCE047,F03,PRG007,G05,CGA0557,DEPlant,20
PCE045,H12,PRG007,H05,CGA0192,DEPlant,20
PCE042,A11,PRG007,A06,CGA0273,DEPlant,20
PCE046,A12,PRG007,B06,CGA0393,DEPlant,20
PCE045,A05,PRG007,C06,CGA0174,DEPlant,20
PCE042,F06,PRG007,D06,CGA0347,DEPlant,20
PCE047,G04,PRG007,E06,CGA0556,DEPlant,20
PCE046,B06,PRG007,F06,CGA0465,DEPlant,20
PCE045,B08,PRG007,G06,CGA0129,DEPlant,20
PCE046,E05,PRG007,H06,CGA0411,DEPlant,20
PCE041,E05,PRG007,A07,CGA0267,DEPlant,20
PCE042,D08,PRG007,B07,CGA0328,DEPlant,20
PCE047,H05,PRG007,C07,CGA0562,DEPlant,20
PCE045,B02,PRG007,D07,CGA0137,DEPlant,20
PCE045,E07,PRG007,E07,CGA0525,DEPlant,20
PCE041,B09,PRG007,F07,CGA0376,DEPlant,20
PCE041,E10,PRG007,G07,CGA0365,DEPlant,20
PCE041,F07,PRG007,H07,CGA0329,DEPlant,20
PCE046,F12,PRG007,A08,CGA0389,DEPlant,20
PCE047,F02,PRG007,C08,CGA0501,DEPlant,20
PCE042,C02,PRG007,D08,CGA0301,DEPlant,20
PCE046,A10,PRG007,E08,CGA0251,DEPlant,20
PCE046,B03,PRG007,F08,CGA0262,DEPlant,20
PCE041,F10,PRG007,G08,CGA0294,DEPlant,20
PCE041,D07,PRG007,H08,CGA0224,DEPlant,20
PCE045,G06,PRG007,A09,CGA0535,DEPlant,20
PCE042,F08,PRG007,B09,CGA0350,DEPlant,20
PCE045,D05,PRG007,C09,CGA0181,DEPlant,20
PCE042,B10,PRG007,D09,CGA0336,DEPlant,20
PCE046,B10,PRG007,E09,CGA0505,DEPlant,20
PCE046,F08,PRG007,F09,CGA0476,DEPlant,20
PCE045,E05,PRG007,G09,CGA0125,DEPlant,20
PCE046,C02,PRG007,H09,CGA0467,DEPlant,20
PCE031,E02,PRG007,A10,CGA0255,DEPlant,20
PCE045,C07,PRG007,B10,CGA0131,DEPlant,20
PCE042,C12,PRG007,C10,CGA0449,DEPlant,20
PCE046,D07,PRG007,D10,CGA0511,DEPlant,20
PCE042,H10,PRG007,F10,CGA0345,DEPlant,20
PCE045,A09,PRG007,G10,CGA0578,DEPlant,20
PCE042,A02,PRG007,H10,CGA0341,DEPlant,20
PCE045,A03,PRG007,A11,CGA0573,DEPlant,20
PCE045,C12,PRG007,B11,CGA0532,DEPlant,20
PCE046,G10,PRG007,C11,CGA0261,DEPlant,20
PCE045,A04,PRG007,D11,CGA0177,DEPlant,20
PCE047,A05,PRG007,E11,CGA0431,DEPlant,20
PCE041,E12,PRG007,F11,CGA0349,DEPlant,20
PCE045,C03,PRG007,G11,CGA0495,DEPlant,20
PCE041,C08,PRG007,H11,CGA0312,DEPlant,20
PCE046,B07,PRG007,A12,CGA0157,DEPlant,20
PCE042,H07,PRG007,B12,CGA0283,DEPlant,20
PCE041,A06,PRG007,C12,CGA0304,DEPlant,20
PCE031,B07,PRG007,D12,CGA0555,DEPlant,20
PCE046,H09,PRG007,E12,CGA0461,DEPlant,20
PCE041,E01,PRG007,F12,CGA0221,DEPlant,20
PCE046,G09,PRG007,G12,CGA0438,DEPlant,20
PCE026,H12,PRG007,H12,CGA0744,DEPlant,20
PCE046,C07,PRG008,B01,CGA0477,DEPlant,20
PCE047,C03,PRG008,C01,CGA0259,DEPlant,20
PCE047,H02,PRG008,D01,CGA0459,DEPlant,20
PCE045,C05,PRG008,E01,CGA0134,DEPlant,20
PCE042,D03,PRG008,F01,CGA0361,DEPlant,20
PCE042,B12,PRG008,G01,CGA0240,DEPlant,20
PCE045,F02,PRG008,A02,CGA0126,DEPlant,20
PCE046,F06,PRG008,B02,CGA0503,DEPlant,20
PCE041,F12,PRG008,C02,CGA0358,DEPlant,20
PCE041,C10,PRG008,D02,CGA0334,DEPlant,20
PCE031,B02,PRG008,E02,CGA0402,DEPlant,20
PCE042,F01,PRG008,F02,CGA0248,DEPlant,20
PCE045,B07,PRG008,G02,CGA0145,DEPlant,20
PCE047,A04,PRG008,H02,CGA0419,DEPlant,20
PCE045,E03,PRG008,A03,CGA0572,DEPlant,20
PCE045,B06,PRG008,B03,CGA0401,DEPlant,20
PCE031,A06,PRG008,C03,CGA0507,DEPlant,20
PCE042,B04,PRG008,D03,CGA0355,DEPlant,20
PCE041,C01,PRG008,E03,CGA0456,DEPlant,20
PCE046,F09,PRG008,F03,CGA0509,DEPlant,20
PCE041,G11,PRG008,H03,CGA0296,DEPlant,20
PCE046,G06,PRG008,A04,CGA0427,DEPlant,20
PCE046,A07,PRG008,C04,CGA0474,DEPlant,20
PCE026,G12,PRG008,D04,CGA1058,DEPlant,20
PCE042,F03,PRG008,E04,CGA0245,DEPlant,20
PCE045,B04,PRG008,F04,CGA0169,DEPlant,20
PCE041,F08,PRG008,G04,CGA0326,DEPlant,20
PCE045,C04,PRG008,H04,CGA0133,DEPlant,20
PCE041,G06,PRG008,A05,CGA0374,DEPlant,20
PCE045,D02,PRG008,B05,CGA0152,DEPlant,20
PCE042,E06,PRG008,C05,CGA0310,DEPlant,20
PCE045,B01,PRG008,D05,CGA0149,DEPlant,20
PCE045,D08,PRG008,E05,CGA0190,DEPlant,20
PCE045,H01,PRG008,F05,CGA0195,DEPlant,20
PCE046,H06,PRG008,G05,CGA0513,DEPlant,20
PCE041,D09,PRG008,H05,CGA0357,DEPlant,20
PCE047,C05,PRG008,A06,CGA0432,DEPlant,20
PCE046,D05,PRG008,B06,CGA0253,DEPlant,20
PCE045,H09,PRG008,C06,CGA0492,DEPlant,20
PCE045,C06,PRG008,D06,CGA0565,DEPlant,20
PCE046,C08,PRG008,E06,CGA0433,DEPlant,20
PCE045,G08,PRG008,F06,CGA0168,DEPlant,20
PCE047,C01,PRG008,G06,CGA0469,DEPlant,20
PCE045,B12,PRG008,H06,CGA0165,DEPlant,20
PCE045,A08,PRG008,A07,CGA0546,DEPlant,20
PCE046,A08,PRG008,B07,CGA0254,DEPlant,20
PCE045,H02,PRG008,C07,CGA0144,DEPlant,20
PCE047,C06,PRG008,D07,CGA0551,DEPlant,20
PCE042,H09,PRG008,E07,CGA0321,DEPlant,20
PCE041,E11,PRG008,F07,CGA0219,DEPlant,20
PCE047,G03,PRG008,G07,CGA0480,DEPlant,20
PCE045,D11,PRG008,H07,CGA0529,DEPlant,20
PCE046,E06,PRG008,A08,CGA0478,DEPlant,20
PCE042,B02,PRG008,B08,CGA0371,DEPlant,20
PCE042,A12,PRG008,C08,CGA0238,DEPlant,20
PCE045,A11,PRG008,D08,CGA0187,DEPlant,20
PCE042,D02,PRG008,E08,CGA0272,DEPlant,20
PCE042,D07,PRG008,F08,CGA0305,DEPlant,20
PCE045,B05,PRG008,G08,CGA0141,DEPlant,20
PCE031,G06,PRG008,H08,CGA0258,DEPlant,20
PCE042,G05,PRG008,A09,CGA0243,DEPlant,20
PCE046,C04,PRG008,B09,CGA0479,DEPlant,20
PCE031,C03,PRG008,C09,CGA0148,DEPlant,20
PCE045,B09,PRG008,D09,CGA0200,DEPlant,20
PCE045,D10,PRG008,E09,CGA0189,DEPlant,20
PCE041,F04,PRG008,F09,CGA0299,DEPlant,20
PCE047,B02,PRG008,G09,CGA0425,DEPlant,20
PCE045,D01,PRG008,H09,CGA0489,DEPlant,20
PCE045,F04,PRG008,A10,CGA0490,DEPlant,20
PCE042,C05,PRG008,B10,CGA0339,DEPlant,20
PCE046,B05,PRG008,C10,CGA0390,DEPlant,20
PCE045,G09,PRG008,D10,CGA0540,DEPlant,20
PCE046,A04,PRG008,E10,CGA0472,DEPlant,20
PCE041,H09,PRG008,F10,CGA0373,DEPlant,20
PCE046,G01,PRG008,G10,CGA0482,DEPlant,20
PCE046,H12,PRG008,H10,CGA0249,DEPlant,20
PCE045,E08,PRG008,A11,CGA0580,DEPlant,20
PCE045,C08,PRG008,B11,CGA0527,DEPlant,20
PCE042,G06,PRG008,C11,CGA0323,DEPlant,20
PCE041,E06,PRG008,D11,CGA0454,DEPlant,20
PCE041,E08,PRG008,E11,CGA0331,DEPlant,20
PCE045,G07,PRG008,F11,CGA0570,DEPlant,20
PCE045,H11,PRG008,G11,CGA0537,DEPlant,20
PCE041,G07,PRG008,H11,CGA0315,DEPlant,20
PCE042,A06,PRG008,A12,CGA0325,DEPlant,20
PCE046,F07,PRG008,B12,CGA0457,DEPlant,20
PCE045,G04,PRG008,C12,CGA0487,DEPlant,20
PCE046,E11,PRG008,D12,CGA0440,DEPlant,20
PCE045,A01,PRG008,E12,CGA0158,DEPlant,20
PCE046,H03,PRG008,F12,CGA0473,DEPlant,20
PCE045,C11,PRG008,G12,CGA0519,DEPlant,20
PCE045,B10,PRG008,H12,CGA0530,DEPlant,20
PCE045,G12,PRG009,A01,CGA0173,DEPlant,20
PCE041,C12,PRG009,B01,CGA0233,DEPlant,20
PCE045,H07,PRG009,C01,CGA0142,DEPlant,20
PCE045,F05,PRG009,D01,CGA0485,DEPlant,20
PCE045,F01,PRG009,E01,CGA0176,DEPlant,20
PCE042,F04,PRG009,F01,CGA0344,DEPlant,20
PCE045,E09,PRG009,H01,CGA0185,DEPlant,20
PCE041,F02,PRG009,A02,CGA0241,DEPlant,20
PCE031,A03,PRG009,C02,CGA0468,DEPlant,20
PCE047,F01,PRG009,D02,CGA0559,DEPlant,20
PCE041,A03,PRG009,E02,CGA0369,DEPlant,20
PCE031,D04,PRG009,G02,CGA0186,DEPlant,20
PCE045,G03,PRG009,H02,CGA0398,DEPlant,20
PCE046,E03,PRG009,A03,CGA0408,DEPlant,20
PCE042,A04,PRG009,B03,CGA0320,DEPlant,20
PCE045,C10,PRG009,C03,CGA0498,DEPlant,20
PCE045,F09,PRG009,D03,CGA0569,DEPlant,20
PCE045,F03,PRG009,E03,CGA0397,DEPlant,20
PCE041,H08,PRG009,F03,CGA0446,DEPlant,20
PCE047,A02,PRG009,G03,CGA0421,DEPlant,20
PCE042,H12,PRG009,A04,CGA0270,DEPlant,20
