plate_name_old,well_old,plate_name_new,well_new,tube_id,randomisation,batch
PCE026,C02,PRF001,A01,AMBRCompanionsB,FR CompanionSoil,CompanionSoil
PCE026,E09,PRF001,B01,CFX0002,FR CompanionSoil,CompanionSoil
PCE033,H03,PRF001,C01,LIPME37130,FR CompanionSoil,CompanionSoil
PCE048,H09,PRF001,D01,CFS0032,FR CompanionSoil,CompanionSoil
PCE026,B11,PRF001,E01,LIPME36599,FR CompanionSoil,CompanionSoil
PCE026,E02,PRF001,F01,CFX0023,FR CompanionSoil,CompanionSoil
PCE049,D08,PRF001,G01,CFS0049,FR CompanionSoil,CompanionSoil
PCE026,G05,PRF001,H01,LIPME36621,FR CompanionSoil,CompanionSoil
PCE026,C03,PRF001,A02,CFX0033,FR CompanionSoil,CompanionSoil
PCE026,B02,PRF001,B02,LIPME36627,FR CompanionSoil,CompanionSoil
PCE034,F02,PRF001,C02,LIPME37106,FR CompanionSoil,CompanionSoil
PCE048,D04,PRF001,D02,CFS0072,FR CompanionSoil,CompanionSoil
PCE033,F06,PRF001,E02,CFS0037,FR CompanionSoil,CompanionSoil
PCE048,D01,PRF001,F02,CFX0036,FR CompanionSoil,CompanionSoil
PCE034,A01,PRF001,G02,CFS0002,FR CompanionSoil,CompanionSoil
PCE034,E02,PRF001,H02,CFS0026,FR CompanionSoil,CompanionSoil
PCE026,G01,PRF001,A03,CFX0011,FR CompanionSoil,CompanionSoil
PCE026,H02,PRF001,B03,LIPME36634,FR CompanionSoil,CompanionSoil
PCE048,G04,PRF001,C03,CFX0025,FR CompanionSoil,CompanionSoil
PCE033,B02,PRF001,D03,LIPME37131,FR CompanionSoil,CompanionSoil
PCE033,A09,PRF001,E03,AUZE-ASOIL2,FR CompanionSoil,CompanionSoil
PCE048,E08,PRF001,F03,CFS0031,FR CompanionSoil,CompanionSoil
PCE034,C02,PRF001,G03,LIPME37105,FR CompanionSoil,CompanionSoil
PCE033,A05,PRF001,H03,LIPME37129,FR CompanionSoil,CompanionSoil
PCE026,H05,PRF001,A04,LIPME36636,FR CompanionSoil,CompanionSoil
PCE026,C05,PRF001,B04,CFX0027,FR CompanionSoil,CompanionSoil
PCE026,G03,PRF001,C04,CFX0034,FR CompanionSoil,CompanionSoil
PCE034,G01,PRF001,D04,CFS0040,FR CompanionSoil,CompanionSoil
PCE026,E10,PRF001,E04,LIPME36639,FR CompanionSoil,CompanionSoil
PCE033,G05,PRF001,F04,LIPME37164,FR CompanionSoil,CompanionSoil
PCE033,H05,PRF001,G04,CFS0018,FR CompanionSoil,CompanionSoil
PCE033,G02,PRF001,H04,CFS0012,FR CompanionSoil,CompanionSoil
PCE049,G09,PRF001,A05,CFS0071,FR CompanionSoil,CompanionSoil
PCE026,D10,PRF001,B05,LIPME36614,FR CompanionSoil,CompanionSoil
PCE033,E01,PRF001,C05,CFS0001,FR CompanionSoil,CompanionSoil
PCE048,F11,PRF001,D05,CFS0050,FR CompanionSoil,CompanionSoil
PCE026,C06,PRF001,E05,LIPME36630,FR CompanionSoil,CompanionSoil
PCE034,H04,PRF001,F05,CFS0046,FR CompanionSoil,CompanionSoil
PCE033,H08,PRF001,G05,LIPME37177,FR CompanionSoil,CompanionSoil
PCE033,H01,PRF001,H05,CFS0065,FR CompanionSoil,CompanionSoil
PCE048,B05,PRF001,A06,CFS0029,FR CompanionSoil,CompanionSoil
PCE026,H06,PRF001,B06,LIPME36605,FR CompanionSoil,CompanionSoil
PCE026,E07,PRF001,C06,LIPME36615,FR CompanionSoil,CompanionSoil
PCE034,H03,PRF001,D06,LIPME37184,FR CompanionSoil,CompanionSoil
PCE026,G08,PRF001,E06,LIPME36641,FR CompanionSoil,CompanionSoil
PCE034,H01,PRF001,F06,CFS0028,FR CompanionSoil,CompanionSoil
PCE033,G03,PRF001,G06,CFS0067,FR CompanionSoil,CompanionSoil
PCE026,B10,PRF001,H06,LIPME36629,FR CompanionSoil,CompanionSoil
PCE048,A04,PRF001,A07,CFX0016,FR CompanionSoil,CompanionSoil
PCE026,D07,PRF001,B07,CFX0012,FR CompanionSoil,CompanionSoil
PCE048,C10,PRF001,C07,CFS0070,FR CompanionSoil,CompanionSoil
PCE026,E01,PRF001,D07,LIPME36611,FR CompanionSoil,CompanionSoil
PCE033,C01,PRF001,E07,CFS0003,FR CompanionSoil,CompanionSoil
PCE026,G06,PRF001,F07,CFX0014,FR CompanionSoil,CompanionSoil
PCE026,A02,PRF001,G07,CFX0038,FR CompanionSoil,CompanionSoil
PCE026,A06,PRF001,H07,LIPME36602,FR CompanionSoil,CompanionSoil
PCE026,B03,PRF001,B08,AUZE-ACompanionsQ2,FR CompanionSoil,CompanionSoil
PCE026,C01,PRF001,C08,CFX0031,FR CompanionSoil,CompanionSoil
PCE026,D06,PRF001,D08,CFX0024,FR CompanionSoil,CompanionSoil
PCE026,D02,PRF001,E08,CFX0005,FR CompanionSoil,CompanionSoil
PCE048,C04,PRF001,F08,CFS0051,FR CompanionSoil,CompanionSoil
PCE034,A02,PRF001,G08,CFS0025,FR CompanionSoil,CompanionSoil
PCE048,G07,PRF001,H08,CFX0035,FR CompanionSoil,CompanionSoil
PCE026,A10,PRF001,A09,LIPME36598,FR CompanionSoil,CompanionSoil
PCE034,C03,PRF001,B09,AUZE-ASOIL1,FR CompanionSoil,CompanionSoil
PCE033,D03,PRF001,C09,CFS0019,FR CompanionSoil,CompanionSoil
PCE026,F07,PRF001,D09,LIPME36625,FR CompanionSoil,CompanionSoil
PCE026,H08,PRF001,E09,LIPME36643,FR CompanionSoil,CompanionSoil
PCE026,G09,PRF001,F09,CFX0010,FR CompanionSoil,CompanionSoil
PCE033,D08,PRF001,G09,CFS0017,FR CompanionSoil,CompanionSoil
PCE026,E04,PRF001,H09,CFX0001,FR CompanionSoil,CompanionSoil
PCE033,C03,PRF001,A10,CFS0077,FR CompanionSoil,CompanionSoil
PCE026,H11,PRF001,B10,LIPME36638,FR CompanionSoil,CompanionSoil
PCE033,A03,PRF001,C10,CFS0068,FR CompanionSoil,CompanionSoil
PCE033,B01,PRF001,D10,AUZE-ASOIL3,FR CompanionSoil,CompanionSoil
PCE033,H04,PRF001,E10,CFS0066,FR CompanionSoil,CompanionSoil
PCE033,F04,PRF001,F10,CFS0078,FR CompanionSoil,CompanionSoil
PCE048,B08,PRF001,G10,CFS0052,FR CompanionSoil,CompanionSoil
PCE048,H03,PRF001,H10,CFX0015,FR CompanionSoil,CompanionSoil
PCE026,H01,PRF001,A11,LIPME36620,FR CompanionSoil,CompanionSoil
PCE026,D09,PRF001,B11,LIPME36647,FR CompanionSoil,CompanionSoil
PCE026,D04,PRF001,C11,LIPME36635,FR CompanionSoil,CompanionSoil
PCE026,E06,PRF001,D11,LIPME36637,FR CompanionSoil,CompanionSoil
PCE034,H02,PRF001,E11,CFS0004,FR CompanionSoil,CompanionSoil
PCE033,B05,PRF001,F11,LIPME37098,FR CompanionSoil,CompanionSoil
PCE033,H02,PRF001,G11,CFS0079,FR CompanionSoil,CompanionSoil
PCE026,A04,PRF001,H11,CFX0007,FR CompanionSoil,CompanionSoil
PCE033,G01,PRF001,A12,CFS0043,FR CompanionSoil,CompanionSoil
PCE026,D05,PRF001,B12,CFX0028,FR CompanionSoil,CompanionSoil
PCE034,B04,PRF001,C12,LIPME37152,FR CompanionSoil,CompanionSoil
PCE026,B01,PRF001,D12,CFX0006,FR CompanionSoil,CompanionSoil
PCE026,H03,PRF001,E12,CFX0017,FR CompanionSoil,CompanionSoil
PCE026,D01,PRF001,F12,AMBRCompanionsA,FR CompanionSoil,CompanionSoil
PCE026,A05,PRF001,G12,LIPME36624,FR CompanionSoil,CompanionSoil
PCE048,B09,PRF001,H12,CFX0026,FR CompanionSoil,CompanionSoil
PCE026,E05,PRF002,A01,AUZE-ACompanionsQ1,FR CompanionSoil,CompanionSoil
PCE033,A01,PRF002,B01,LIPME37097,FR CompanionSoil,CompanionSoil
PCE026,B09,PRF002,C01,LIPME36603,FR CompanionSoil,CompanionSoil
PCE034,C04,PRF002,D01,LIPME37108,FR CompanionSoil,CompanionSoil
PCE026,B04,PRF002,E01,CFX0009,FR CompanionSoil,CompanionSoil
PCE026,A09,PRF002,F01,LIPME36604,FR CompanionSoil,CompanionSoil
PCE026,A03,PRF002,G01,LIPME36640,FR CompanionSoil,CompanionSoil
PCE026,F01,PRF002,H01,CFX0037,FR CompanionSoil,CompanionSoil
PCE026,B06,PRF002,A02,LIPME36628,FR CompanionSoil,CompanionSoil
PCE026,C07,PRF002,B02,CFX0008,FR CompanionSoil,CompanionSoil
PCE049,H12,PRF002,D02,CFS0069,FR CompanionSoil,CompanionSoil
PCE026,D03,PRF002,E02,CFX0018,FR CompanionSoil,CompanionSoil
PCE033,B03,PRF002,F02,CFS0044,FR CompanionSoil,CompanionSoil
PCE026,B07,PRF002,G02,LIPME36642,FR CompanionSoil,CompanionSoil
PCE033,E02,PRF002,H02,CFS0016,FR CompanionSoil,CompanionSoil
PCE048,B03,PRF002,A03,CFS0030,FR CompanionSoil,CompanionSoil
PCE026,H07,PRF002,B03,LIPME36610,FR CompanionSoil,CompanionSoil
PCE026,B08,PRF002,C03,LIPME36626,FR CompanionSoil,CompanionSoil
PCE026,F08,PRF002,D03,LIPME36631,FR CompanionSoil,CompanionSoil
PCE026,C04,PRF002,E03,CFX0032,FR CompanionSoil,CompanionSoil
PCE026,B05,PRF002,F03,CFX0013,FR CompanionSoil,CompanionSoil
PCE048,G11,PRF003,A01,CFA0132m,FR Membrane,Membrane
PCE048,A02,PRF003,B01,CFA0125m,FR Membrane,Membrane
PCE030,E02,PRF003,C01,AUZE-A_Pl_11m,FR Membrane,Membrane
PCE030,C06,PRF003,D01,LIPME36781,FR Membrane,Membrane
PCE030,C01,PRF003,E01,CFA0137m,FR Membrane,Membrane
PCE030,G04,PRF003,F01,CFA0263m,FR Membrane,Membrane
PCE030,G03,PRF003,G01,LIPME37010,FR Membrane,Membrane
PCE030,B06,PRF003,H01,LIPME36937,FR Membrane,Membrane
PCE048,G01,PRF003,A02,CFA0210m,FR Membrane,Membrane
PCE030,H03,PRF003,B02,LIPME36784,FR Membrane,Membrane
PCE048,F03,PRF003,C02,CFA0133m,FR Membrane,Membrane
PCE048,E05,PRF003,D02,CFA0220m,FR Membrane,Membrane
PCE030,D03,PRF003,E02,LIPME36812,FR Membrane,Membrane
PCE048,F02,PRF003,F02,CFA0135m,FR Membrane,Membrane
PCE030,C05,PRF003,G02,LIPME37057,FR Membrane,Membrane
PCE048,A07,PRF003,H02,CFA0297m,FR Membrane,Membrane
PCE048,D11,PRF003,A03,CFA0130m,FR Membrane,Membrane
PCE030,F06,PRF003,B03,AUZE-A_Pl_14m,FR Membrane,Membrane
PCE030,H02,PRF003,C03,LIPME36987,FR Membrane,Membrane
PCE048,F12,PRF003,D03,CFA0292m,FR Membrane,Membrane
PCE048,H05,PRF003,E03,CFA0298m,FR Membrane,Membrane
PCE030,B05,PRF003,F03,CFA0266m,FR Membrane,Membrane
PCE030,D06,PRF003,G03,LIPME36932,FR Membrane,Membrane
PCE030,E06,PRF003,H03,LIPME36715,FR Membrane,Membrane
PCE030,D01,PRF003,A04,LIPME36917,FR Membrane,Membrane
PCE030,C02,PRF003,B04,LIPME36909,FR Membrane,Membrane
PCE030,F03,PRF003,C04,CFA0105m,FR Membrane,Membrane
PCE030,E03,PRF003,D04,LIPME36776,FR Membrane,Membrane
PCE048,C02,PRF003,E04,CFA0205m,FR Membrane,Membrane
PCE030,H01,PRF003,F04,CFA0169m,FR Membrane,Membrane
PCE030,G02,PRF003,G04,CFA0037m,FR Membrane,Membrane
PCE030,F04,PRF003,H04,LIPME36808,FR Membrane,Membrane
PCE048,B11,PRF003,A05,CFA0120m,FR Membrane,Membrane
PCE048,G02,PRF003,B05,CFA0300m,FR Membrane,Membrane
PCE030,B01,PRF003,C05,LIPME36926,FR Membrane,Membrane
PCE030,B02,PRF003,D05,CFA0311m,FR Membrane,Membrane
PCE030,H04,PRF003,E05,LIPME37033,FR Membrane,Membrane
PCE030,A06,PRF003,F05,LIPME36904,FR Membrane,Membrane
PCE048,B07,PRF003,G05,CFA0295m,FR Membrane,Membrane
PCE048,F05,PRF003,H05,CFA0128m,FR Membrane,Membrane
PCE030,G01,PRF003,A06,LIPME37003,FR Membrane,Membrane
PCE030,C04,PRF003,B06,LIPME36905,FR Membrane,Membrane
PCE030,E05,PRF003,C06,CFA0309m,FR Membrane,Membrane
PCE048,D08,PRF003,D06,CFA0213m,FR Membrane,Membrane
PCE048,F01,PRF003,E06,CFA0221m,FR Membrane,Membrane
PCE030,A04,PRF003,F06,CFA0285m,FR Membrane,Membrane
PCE048,D07,PRF003,G06,CFA0215m,FR Membrane,Membrane
PCE048,C07,PRF003,H06,CFA0136m,FR Membrane,Membrane
PCE048,C05,PRF003,A07,CFA0212m,FR Membrane,Membrane
PCE030,A02,PRF003,B07,LIPME36855,FR Membrane,Membrane
PCE048,A05,PRF003,C07,CFA0294m,FR Membrane,Membrane
PCE030,A01,PRF003,D07,LIPME36912,FR Membrane,Membrane
PCE048,B06,PRF003,E07,CFA0209m,FR Membrane,Membrane
PCE030,F02,PRF003,F07,AUZE-A_Pl_16m,FR Membrane,Membrane
PCE030,D02,PRF003,G07,CFA0097m,FR Membrane,Membrane
PCE030,A03,PRF003,H07,LIPME36989,FR Membrane,Membrane
PCE048,E12,PRF003,A08,CFA0303m,FR Membrane,Membrane
PCE048,H07,PRF003,C08,CFA0290m,FR Membrane,Membrane
PCE030,F01,PRF003,D08,LIPME37042,FR Membrane,Membrane
PCE030,B04,PRF003,E08,CFA0082m,FR Membrane,Membrane
PCE048,A06,PRF003,F08,CFA0306m,FR Membrane,Membrane
PCE048,G08,PRF003,G08,CFA0124m,FR Membrane,Membrane
PCE030,D05,PRF003,H08,AUZE-A_Pl_9m,FR Membrane,Membrane
PCE030,E04,PRF003,A09,CFA0062m,FR Membrane,Membrane
PCE048,C08,PRF003,B09,CFA0305m,FR Membrane,Membrane
PCE030,B03,PRF003,C09,LIPME36817,FR Membrane,Membrane
PCE030,D04,PRF003,D09,CFA0098m,FR Membrane,Membrane
PCE048,F07,PRF003,E09,CFA0122m,FR Membrane,Membrane
PCE048,B10,PRF003,F09,CFA0218m,FR Membrane,Membrane
PCE030,G06,PRF003,G09,AUZE-A_Pl_13m,FR Membrane,Membrane
PCE030,G05,PRF003,H09,CFA0035m,FR Membrane,Membrane
PCE030,F05,PRF003,A10,CFA0060m,FR Membrane,Membrane
PCE031,C02,PRF003,B10,LIPME37021,FR Membrane,Membrane
PCE048,C09,PRF003,C10,CFA0127m,FR Membrane,Membrane
PCE030,H06,PRF003,D10,CFA0312m,FR Membrane,Membrane
PCE030,C03,PRF003,E10,LIPME36952,FR Membrane,Membrane
PCE030,E01,PRF003,F10,LIPME37044,FR Membrane,Membrane
PCE048,C12,PRF003,G10,CFA0207m,FR Membrane,Membrane
PCE048,A01,PRF003,H10,CFA0217m,FR Membrane,Membrane
PCE048,G12,PRF003,A11,CFA0302m,FR Membrane,Membrane
PCE031,G02,PRF004,A01,CFA0171,FR Plant,Plant
PCE030,H05,PRF004,B01,LIPME36221,FR Plant,Plant
PCE046,A01,PRF004,C01,LIPME36581,FR Plant,Plant
PCE031,C08,PRF004,D01,LIPME36284,FR Plant,Plant
PCE031,E01,PRF004,E01,LIPME36432,FR Plant,Plant
PCE046,C12,PRF004,F01,CFA0212,FR Plant,Plant
PCE031,F04,PRF004,G01,CFA0329,FR Plant,Plant
PCE046,H01,PRF004,H01,CFA0094,FR Plant,Plant
PCE031,A01,PRF004,A02,CFA0339,FR Plant,Plant
PCE041,H06,PRF004,B02,LIPME36179,FR Plant,Plant
PCE046,H07,PRF004,C02,CFA0230,FR Plant,Plant
PCE041,D12,PRF004,D02,LIPME36536,FR Plant,Plant
PCE046,F04,PRF004,E02,CFA0108,FR Plant,Plant
PCE042,G11,PRF004,F02,LIPME36159,FR Plant,Plant
PCE042,H06,PRF004,G02,LIPME36414,FR Plant,Plant
PCE042,C10,PRF004,H02,LIPME36363,FR Plant,Plant
PCE046,D02,PRF004,A03,CFA0200,FR Plant,Plant
PCE041,B12,PRF004,B03,LIPME36186,FR Plant,Plant
PCE041,G04,PRF004,C03,LIPME36158,FR Plant,Plant
PCE042,D11,PRF004,D03,LIPME36362,FR Plant,Plant
PCE046,H05,PRF004,E03,CFA0134,FR Plant,Plant
PCE046,F01,PRF004,F03,CFA0110,FR Plant,Plant
PCE042,F05,PRF004,G03,LIPME36506,FR Plant,Plant
PCE046,G02,PRF004,H03,CFA0116,FR Plant,Plant
PCE047,B06,PRF004,A04,CFA0195,FR Plant,Plant
PCE047,E05,PRF004,B04,CFA0103,FR Plant,Plant
PCE041,A02,PRF004,C04,LIPME36169,FR Plant,Plant
PCE041,B05,PRF004,D04,LIPME36458,FR Plant,Plant
PCE042,C07,PRF004,E04,LIPME36416,FR Plant,Plant
PCE031,G08,PRF004,F04,CFA0158,FR Plant,Plant
PCE041,A11,PRF004,H04,LIPME36439,FR Plant,Plant
PCE046,E07,PRF004,A05,CFA0111,FR Plant,Plant
PCE042,C11,PRF004,B05,LIPME36285,FR Plant,Plant
PCE031,H02,PRF004,C05,CFA0166,FR Plant,Plant
PCE047,D06,PRF004,D05,CFA0234,FR Plant,Plant
PCE042,B07,PRF004,E05,LIPME36417,FR Plant,Plant
PCE042,B05,PRF004,F05,LIPME36535,FR Plant,Plant
PCE046,C05,PRF004,G05,CFA0300,FR Plant,Plant
PCE046,B01,PRF004,H05,CFA0320,FR Plant,Plant
PCE046,E01,PRF004,A06,CFA0120,FR Plant,Plant
PCE031,G03,PRF004,B06,LIPME36412,FR Plant,Plant
PCE031,D08,PRF004,C06,LIPME36332,FR Plant,Plant
PCE031,C04,PRF004,D06,LIPME36331,FR Plant,Plant
PCE042,E04,PRF004,E06,LIPME36409,FR Plant,Plant
PCE042,G09,PRF004,F06,LIPME36360,FR Plant,Plant
PCE031,E06,PRF004,G06,CFA0154,FR Plant,Plant
PCE031,E07,PRF004,H06,CFA0173,FR Plant,Plant
PCE046,G11,PRF004,A07,CFA0314,FR Plant,Plant
PCE042,D10,PRF004,B07,LIPME36496,FR Plant,Plant
PCE047,A03,PRF004,C07,CFA0101,FR Plant,Plant
PCE042,F07,PRF004,D07,LIPME36509,FR Plant,Plant
PCE042,E10,PRF004,E07,LIPME36445,FR Plant,Plant
PCE047,E02,PRF004,F07,CFA0322,FR Plant,Plant
PCE042,B11,PRF004,G07,LIPME36494,FR Plant,Plant
PCE046,F10,PRF004,H07,CFA0285,FR Plant,Plant
PCE031,F06,PRF004,A08,LIPME36326,FR Plant,Plant
PCE031,F02,PRF004,B08,CFA0181,FR Plant,Plant
PCE046,D08,PRF004,C08,CFA0088,FR Plant,Plant
PCE046,D06,PRF004,D08,CFA0220,FR Plant,Plant
PCE046,E10,PRF004,E08,CFA0096,FR Plant,Plant
PCE042,E08,PRF004,F08,LIPME36288,FR Plant,Plant
PCE042,C08,PRF004,G08,LIPME36428,FR Plant,Plant
PCE041,G08,PRF004,H08,LIPME36447,FR Plant,Plant
PCE031,B06,PRF004,A09,CFA0162,FR Plant,Plant
PCE047,B01,PRF004,B09,CFA0268,FR Plant,Plant
PCE031,B08,PRF004,C09,CFA0328,FR Plant,Plant
PCE047,C04,PRF004,D09,CFA0132,FR Plant,Plant
PCE047,G05,PRF004,E09,CFA0098,FR Plant,Plant
PCE042,E05,PRF004,F09,LIPME36278,FR Plant,Plant
PCE031,B05,PRF004,G09,CFA0167,FR Plant,Plant
PCE042,G03,PRF004,H09,LIPME36502,FR Plant,Plant
PCE047,H01,PRF004,A10,CFA0298,FR Plant,Plant
PCE042,E02,PRF004,B10,LIPME36543,FR Plant,Plant
PCE041,B04,PRF004,C10,LIPME36456,FR Plant,Plant
PCE041,B07,PRF004,D10,LIPME36281,FR Plant,Plant
PCE031,C01,PRF004,E10,CFA0334,FR Plant,Plant
PCE031,D06,PRF004,F10,CFA0175,FR Plant,Plant
PCE042,G12,PRF004,G10,LIPME36161,FR Plant,Plant
PCE031,A05,PRF004,H10,CFA0324,FR Plant,Plant
PCE041,G01,PRF004,A11,LIPME36528,FR Plant,Plant
PCE042,A08,PRF004,B11,LIPME36171,FR Plant,Plant
PCE031,H07,PRF004,C11,CFA0183,FR Plant,Plant
PCE042,D05,PRF004,D11,LIPME36421,FR Plant,Plant
PCE041,D01,PRF004,E11,LIPME36441,FR Plant,Plant
PCE042,G10,PRF004,F11,LIPME36175,FR Plant,Plant
PCE042,D12,PRF004,G11,LIPME36530,FR Plant,Plant
PCE042,H05,PRF004,H11,LIPME36366,FR Plant,Plant
PCE041,H12,PRF004,A12,LIPME36419,FR Plant,Plant
PCE041,B01,PRF004,B12,LIPME36178,FR Plant,Plant
PCE031,H04,PRF004,C12,LIPME36437,FR Plant,Plant
PCE046,B02,PRF004,D12,CFA0099,FR Plant,Plant
PCE046,H10,PRF004,E12,CFA0217,FR Plant,Plant
PCE031,H08,PRF004,F12,LIPME36420,FR Plant,Plant
PCE042,A09,PRF004,G12,LIPME36492,FR Plant,Plant
PCE041,C09,PRF004,H12,LIPME36499,FR Plant,Plant
PCE041,C11,PRF005,A01,LIPME36156,FR Plant,Plant
PCE046,F02,PRF005,B01,CFA0237,FR Plant,Plant
PCE041,D11,PRF005,C01,LIPME36273,FR Plant,Plant
PCE042,B09,PRF005,D01,LIPME36164,FR Plant,Plant
PCE042,D04,PRF005,E01,LIPME36538,FR Plant,Plant
PCE046,G07,PRF005,F01,CFA0105,FR Plant,Plant
PCE047,G01,PRF005,G01,CFA0135,FR Plant,Plant
PCE031,C06,PRF005,H01,CFA0178,FR Plant,Plant
PCE031,F08,PRF005,A02,LIPME36335,FR Plant,Plant
PCE042,C06,PRF005,B02,LIPME36167,FR Plant,Plant
PCE031,C05,PRF005,C02,LIPME36329,FR Plant,Plant
PCE046,E09,PRF005,D02,LIPME36579,FR Plant,Plant
PCE031,A08,PRF005,E02,CFA0186,FR Plant,Plant
PCE031,D05,PRF005,F02,LIPME36328,FR Plant,Plant
PCE042,H04,PRF005,G02,LIPME36453,FR Plant,Plant
PCE042,B03,PRF005,H02,LIPME36154,FR Plant,Plant
PCE046,A09,PRF005,A03,CFA0307,FR Plant,Plant
PCE046,D04,PRF005,B03,CFA0196,FR Plant,Plant
PCE041,G12,PRF005,C03,LIPME36275,FR Plant,Plant
PCE041,B03,PRF005,D03,LIPME36448,FR Plant,Plant
PCE046,E12,PRF005,E03,CFA0232,FR Plant,Plant
PCE042,F09,PRF005,F03,LIPME36532,FR Plant,Plant
PCE026,C09,PRF005,G03,LIPME36593,FR Plant,Plant
PCE042,A03,PRF005,H03,LIPME36277,FR Plant,Plant
PCE046,E08,PRF005,A04,CFA0218,FR Plant,Plant
PCE041,B02,PRF005,B04,LIPME36501,FR Plant,Plant
PCE046,A05,PRF005,C04,CFA0205,FR Plant,Plant
PCE046,B04,PRF005,D04,CFA0305,FR Plant,Plant
PCE041,A07,PRF005,E04,LIPME36540,FR Plant,Plant
PCE031,H01,PRF005,F04,CFA0169,FR Plant,Plant
PCE031,G07,PRF005,G04,LIPME36415,FR Plant,Plant
PCE041,G03,PRF005,H04,LIPME36365,FR Plant,Plant
PCE042,E09,PRF005,A05,LIPME36283,FR Plant,Plant
PCE042,B06,PRF005,B05,LIPME36176,FR Plant,Plant
PCE041,F06,PRF005,C05,LIPME36450,FR Plant,Plant
PCE041,E07,PRF005,D05,LIPME36541,FR Plant,Plant
PCE041,E02,PRF005,E05,LIPME36162,FR Plant,Plant
PCE042,B01,PRF005,F05,LIPME36368,FR Plant,Plant
PCE031,G04,PRF005,G05,CFA0326,FR Plant,Plant
PCE042,F12,PRF005,H05,LIPME36431,FR Plant,Plant
PCE041,H05,PRF005,A06,LIPME36358,FR Plant,Plant
PCE046,F05,PRF005,B06,CFA0264,FR Plant,Plant
PCE046,A02,PRF005,C06,CFA0045,FR Plant,Plant
PCE041,A05,PRF005,D06,LIPME36280,FR Plant,Plant
PCE041,A01,PRF005,E06,LIPME36504,FR Plant,Plant
PCE041,A04,PRF005,F06,LIPME36181,FR Plant,Plant
PCE046,G03,PRF005,G06,CFA0297,FR Plant,Plant
PCE042,B08,PRF005,H06,LIPME36411,FR Plant,Plant
PCE031,D03,PRF005,A07,CFA0156,FR Plant,Plant
PCE031,G05,PRF005,B07,CFA0336,FR Plant,Plant
PCE046,H04,PRF005,C07,CFA0125,FR Plant,Plant
PCE031,E08,PRF005,D07,LIPME36334,FR Plant,Plant
PCE031,E03,PRF005,E07,CFA0331,FR Plant,Plant
PCE041,D08,PRF005,F07,LIPME36371,FR Plant,Plant
PCE041,C02,PRF005,G07,LIPME36370,FR Plant,Plant
PCE041,B06,PRF005,H07,LIPME36498,FR Plant,Plant
PCE031,D02,PRF005,A08,LIPME36279,FR Plant,Plant
PCE047,A06,PRF005,B08,CFA0295,FR Plant,Plant
PCE041,B10,PRF005,C08,LIPME36436,FR Plant,Plant
PCE041,D10,PRF005,D08,LIPME36451,FR Plant,Plant
PCE041,C06,PRF005,E08,LIPME36533,FR Plant,Plant
PCE042,F10,PRF005,F08,LIPME36286,FR Plant,Plant
PCE030,A05,PRF005,G08,LIPME36493,FR Plant,Plant
PCE042,H11,PRF005,H08,LIPME36433,FR Plant,Plant
PCE031,B01,PRF005,A09,CFA0159,FR Plant,Plant
PCE041,H03,PRF005,B09,LIPME36422,FR Plant,Plant
PCE041,H04,PRF005,C09,LIPME36184,FR Plant,Plant
PCE031,C07,PRF005,D09,CFA0332,FR Plant,Plant
PCE042,C03,PRF005,E09,LIPME36166,FR Plant,Plant
PCE047,D02,PRF005,F09,CFA0317,FR Plant,Plant
PCE031,F05,PRF005,G09,LIPME36429,FR Plant,Plant
PCE042,E11,PRF005,H09,LIPME36413,FR Plant,Plant
PCE047,B04,PRF005,A10,CFA0203,FR Plant,Plant
PCE042,G08,PRF005,B10,LIPME36373,FR Plant,Plant
PCE041,D02,PRF005,C10,LIPME36507,FR Plant,Plant
PCE031,B04,PRF005,D10,CFA0179,FR Plant,Plant
PCE031,A02,PRF005,E10,CFA0176,FR Plant,Plant
PCE046,A06,PRF005,F10,CFA0213,FR Plant,Plant
PCE031,H03,PRF005,G10,CFA0184,FR Plant,Plant
PCE047,D03,PRF005,H10,CFA0235,FR Plant,Plant
PCE046,C03,PRF005,A11,CFA0192,FR Plant,Plant
PCE046,C06,PRF005,B11,CFA0124,FR Plant,Plant
PCE041,E03,PRF005,C11,LIPME36438,FR Plant,Plant
PCE041,G05,PRF005,D11,LIPME36434,FR Plant,Plant
PCE031,E04,PRF005,E11,CFA0161,FR Plant,Plant
PCE041,A08,PRF005,G11,LIPME36183,FR Plant,Plant
PCE042,H03,PRF005,H11,LIPME36426,FR Plant,Plant
PCE047,A01,PRF005,A12,CFA0090,FR Plant,Plant
PCE046,D12,PRF005,B12,CFA0115,FR Plant,Plant
PCE031,G01,PRF005,C12,LIPME36274,FR Plant,Plant
PCE031,F07,PRF005,D12,CFA0337,FR Plant,Plant
PCE041,A12,PRF005,E12,LIPME36443,FR Plant,Plant
PCE047,F04,PRF005,F12,LIPME36307,FR Plant,Plant
PCE041,H01,PRF005,G12,LIPME36173,FR Plant,Plant
PCE031,E05,PRF005,H12,CFA0164,FR Plant,Plant
PCE026,A12,PRG001,A01,CGX0197,DE Companion,CompanionSoil
PCE026,D11,PRG001,B01,CGX0190,DE Companion,CompanionSoil
PCE026,D08,PRG001,C01,CGX0195,DE Companion,CompanionSoil
PCE048,F09,PRG001,D01,CGX0167,DE Companion,CompanionSoil
PCE033,G09,PRG001,E01,CTX0188,DE Companion,CompanionSoil
PCE026,G10,PRG001,F01,CGX0196,DE Companion,CompanionSoil
PCE048,H08,PRG001,G01,CGX0168,DE Companion,CompanionSoil
PCE026,G11,PRG001,H01,CGX0193,DE Companion,CompanionSoil
PCE026,E03,PRG001,A02,CGX0123,DE Companion,CompanionSoil
PCE026,A08,PRG001,B02,CGX0098,DE Companion,CompanionSoil
PCE026,G02,PRG001,C02,CGX0156,DE Companion,CompanionSoil
PCE048,F08,PRG001,D02,CGX0133,DE Companion,CompanionSoil
PCE026,A11,PRG001,E02,CGX0100,DE Companion,CompanionSoil
PCE026,B12,PRG001,F02,CGX0124,DE Companion,CompanionSoil
PCE026,C12,PRG001,G02,CGX0189,DE Companion,CompanionSoil
PCE026,C10,PRG001,H02,CGX0199,DE Companion,CompanionSoil
PCE048,H02,PRG001,A03,CGX0183,DE Companion,CompanionSoil
PCE026,F11,PRG001,B03,CGX0159,DE Companion,CompanionSoil
PCE026,E11,PRG001,C03,CGX0157,DE Companion,CompanionSoil
PCE026,F06,PRG001,D03,CGX0122,DE Companion,CompanionSoil
PCE026,F05,PRG001,E03,CGX0191,DE Companion,CompanionSoil
PCE033,H09,PRG001,F03,CGX0094,DE Companion,CompanionSoil
PCE026,C08,PRG001,G03,CGX0200,DE Companion,CompanionSoil
PCE048,H10,PRG001,H03,CGX0184,DE Companion,CompanionSoil
PCE048,B02,PRG001,A04,CGX0134,DE Companion,CompanionSoil
PCE026,G04,PRG001,B04,CGX0158,DE Companion,CompanionSoil
PCE026,D12,PRG001,C04,CGX0131,DE Companion,CompanionSoil
PCE026,F04,PRG001,D04,CGX0151,DE Companion,CompanionSoil
PCE026,C11,PRG001,E04,CGX0125,DE Companion,CompanionSoil
PCE026,H10,PRG001,F04,CGX0127,DE Companion,CompanionSoil
PCE026,A07,PRG001,G04,CGX0142,DE Companion,CompanionSoil
PCE026,F09,PRG001,A05,CGX0126,DE Companion,CompanionSoil
PCE026,H04,PRG001,B05,CGX0132,DE Companion,CompanionSoil
PCE026,H09,PRG001,C05,CGX0141,DE Companion,CompanionSoil
PCE026,F03,PRG001,D05,CGX0192,DE Companion,CompanionSoil
PCE026,F10,PRG001,E05,CGX0099,DE Companion,CompanionSoil
PCE026,E12,PRG001,F05,CGX0194,DE Companion,CompanionSoil
PCE026,F02,PRG001,G05,CGX0150,DE Companion,CompanionSoil
PCE026,G07,PRG001,H05,CGX0198,DE Companion,CompanionSoil
PCE004,G06,PRG002,A01,CGA1113m,DE Membrane,Membrane
PCE002,A06,PRG002,B01,CGA0126m,DE Membrane,Membrane
PCE004,F04,PRG002,C01,CGA0577m,DE Membrane,Membrane
PCE002,C02,PRG002,D01,CGA0497m,DE Membrane,Membrane
PCE002,G12,PRG002,E01,CGA0161m,DE Membrane,Membrane
PCE004,D06,PRG002,F01,CGA0545m,DE Membrane,Membrane
PCE002,B01,PRG002,G01,CGA0157m,DE Membrane,Membrane
PCE003,A12,PRG002,H01,CGA0344m,DE Membrane,Membrane
PCE003,B04,PRG002,A02,CGA0358m,DE Membrane,Membrane
PCE048,A03,PRG002,B02,CGA0509m,DE Membrane,Membrane
PCE048,F06,PRG002,C02,CGA0508m,DE Membrane,Membrane
PCE004,H10,PRG002,D02,CGA0578m,DE Membrane,Membrane
PCE002,D12,PRG002,E02,CGA0167m,DE Membrane,Membrane
PCE003,B11,PRG002,F02,CGA0209m,DE Membrane,Membrane
PCE002,E02,PRG002,G02,CGA0522m,DE Membrane,Membrane
PCE004,E07,PRG002,H02,CGA0543m,DE Membrane,Membrane
PCE004,B06,PRG002,A03,CGA0572m,DE Membrane,Membrane
PCE004,D03,PRG002,B03,CGA0535m,DE Membrane,Membrane
PCE004,B05,PRG002,C03,CGA0425m,DE Membrane,Membrane
PCE048,F04,PRG002,D03,CGA0506m,DE Membrane,Membrane
PCE003,F11,PRG002,E03,CGA0294m,DE Membrane,Membrane
PCE048,A09,PRG002,F03,CGA0150m,DE Membrane,Membrane
PCE003,C12,PRG002,G03,CGA0331m,DE Membrane,Membrane
PCE004,D07,PRG002,H03,CGA0533m,DE Membrane,Membrane
PCE003,E06,PRG002,A04,CGA0233m,DE Membrane,Membrane
PCE002,A11,PRG002,B04,CGA0519m,DE Membrane,Membrane
PCE003,D07,PRG002,C04,CGA0238m,DE Membrane,Membrane
PCE004,A07,PRG002,D04,CGA0462m,DE Membrane,Membrane
PCE002,A04,PRG002,E04,CGA0492m,DE Membrane,Membrane
PCE048,B12,PRG002,F04,CGA0213m,DE Membrane,Membrane
PCE004,A05,PRG002,G04,CGA0245m,DE Membrane,Membrane
PCE002,C07,PRG002,H04,CGA0485m,DE Membrane,Membrane
PCE003,H02,PRG002,A05,CGA0333m,DE Membrane,Membrane
PCE002,C06,PRG002,B05,CGA0251m,DE Membrane,Membrane
PCE003,H06,PRG002,C05,CGA0278m,DE Membrane,Membrane
PCE004,B09,PRG002,D05,CGA0529m,DE Membrane,Membrane
PCE004,D11,PRG002,E05,CGA0376m,DE Membrane,Membrane
PCE003,A03,PRG002,F05,CGA0353m,DE Membrane,Membrane
PCE003,C01,PRG002,G05,CGA0338m,DE Membrane,Membrane
PCE003,D05,PRG002,H05,CGA0235m,DE Membrane,Membrane
PCE004,H07,PRG002,A06,CGA0483m,DE Membrane,Membrane
PCE002,B10,PRG002,B06,CGA0177m,DE Membrane,Membrane
PCE002,G08,PRG002,C06,CGA0264m,DE Membrane,Membrane
PCE004,A06,PRG002,D06,CGA0361m,DE Membrane,Membrane
PCE003,H09,PRG002,E06,CGA0355m,DE Membrane,Membrane
PCE002,D02,PRG002,F06,CGA0215m,DE Membrane,Membrane
PCE030,E09,PRG002,G06,CGA0666m,DE Membrane,Membrane
PCE048,H04,PRG002,H06,CGA1101m,DE Membrane,Membrane
PCE003,H12,PRG002,A07,CGA0342m,DE Membrane,Membrane
PCE003,C04,PRG002,B07,CGA0334m,DE Membrane,Membrane
PCE002,A07,PRG002,C07,CGA0379m,DE Membrane,Membrane
PCE048,B01,PRG002,D07,CGA0141m,DE Membrane,Membrane
PCE002,B08,PRG002,E07,CGA0128m,DE Membrane,Membrane
PCE030,F12,PRG002,F07,CGA0789m,DE Membrane,Membrane
PCE003,E02,PRG002,G07,CGA0313m,DE Membrane,Membrane
PCE002,C04,PRG002,H07,CGA0129m,DE Membrane,Membrane
PCE004,B08,PRG002,A08,CGA0469m,DE Membrane,Membrane
PCE003,G10,PRG002,B08,CGA0453m,DE Membrane,Membrane
PCE002,F09,PRG002,C08,CGA0393m,DE Membrane,Membrane
PCE004,C03,PRG002,D08,CGA0473m,DE Membrane,Membrane
PCE003,G05,PRG002,E08,CGA0224m,DE Membrane,Membrane
PCE004,F09,PRG002,F08,CGA0538m,DE Membrane,Membrane
PCE003,F09,PRG002,G08,CGA0456m,DE Membrane,Membrane
PCE048,D03,PRG002,H08,CGA0501m,DE Membrane,Membrane
PCE048,D06,PRG002,A09,CGA1110m,DE Membrane,Membrane
PCE002,B04,PRG002,B09,CGA0166m,DE Membrane,Membrane
PCE004,G01,PRG002,C09,CGA0366m,DE Membrane,Membrane
PCE004,C10,PRG002,D09,CGA0429m,DE Membrane,Membrane
PCE002,C08,PRG002,E09,CGA0517m,DE Membrane,Membrane
PCE002,C11,PRG002,F09,CGA0392m,DE Membrane,Membrane
PCE004,A09,PRG002,G09,CGA0559m,DE Membrane,Membrane
PCE003,B10,PRG002,H09,CGA0304m,DE Membrane,Membrane
PCE003,A10,PRG002,A10,CGA0272m,DE Membrane,Membrane
PCE002,A08,PRG002,B10,CGA0527m,DE Membrane,Membrane
PCE003,A02,PRG002,C10,CGA0219m,DE Membrane,Membrane
PCE002,E04,PRG002,D10,CGA0422m,DE Membrane,Membrane
PCE003,C09,PRG002,E10,CGA0270m,DE Membrane,Membrane
PCE003,C08,PRG002,F10,CGA0326m,DE Membrane,Membrane
PCE002,E05,PRG002,G10,CGA0495m,DE Membrane,Membrane
PCE004,A10,PRG002,H10,CGA0548m,DE Membrane,Membrane
PCE030,H11,PRG002,A11,CGA0960m,DE Membrane,Membrane
PCE003,F01,PRG002,B11,CGA0285m,DE Membrane,Membrane
PCE004,F02,PRG002,C11,CGA0246m,DE Membrane,Membrane
PCE004,E11,PRG002,D11,CGA0546m,DE Membrane,Membrane
PCE002,A03,PRG002,E11,CGA0164m,DE Membrane,Membrane
PCE030,B09,PRG002,F11,CGA0724m,DE Membrane,Membrane
PCE004,F07,PRG002,G11,CGA1114m,DE Membrane,Membrane
PCE003,C07,PRG002,H11,CGA0204m,DE Membrane,Membrane
PCE030,A10,PRG002,A12,CGA9999m,DE Membrane,Membrane
PCE003,H08,PRG002,B12,CGA0451m,DE Membrane,Membrane
PCE002,E07,PRG002,D12,CGA0525m,DE Membrane,Membrane
PCE002,F03,PRG002,E12,CGA0257m,DE Membrane,Membrane
PCE048,E09,PRG002,F12,CGA0516m,DE Membrane,Membrane
PCE004,D10,PRG002,G12,CGA0440m,DE Membrane,Membrane
PCE003,E11,PRG002,H12,CGA0225m,DE Membrane,Membrane
PCE004,F06,PRG003,A01,CGA0371m,DE Membrane,Membrane
PCE004,A04,PRG003,B01,CGA0475m,DE Membrane,Membrane
PCE030,G12,PRG003,C01,CGA1053m,DE Membrane,Membrane
PCE004,A08,PRG003,D01,CGA1106m,DE Membrane,Membrane
PCE002,E12,PRG003,E01,CGA0182m,DE Membrane,Membrane
PCE003,G12,PRG003,F01,CGA0320m,DE Membrane,Membrane
PCE003,C03,PRG003,H01,CGA0446m,DE Membrane,Membrane
PCE002,B05,PRG003,A02,CGA0403m,DE Membrane,Membrane
PCE003,B02,PRG003,B02,CGA0317m,DE Membrane,Membrane
PCE003,G02,PRG003,C02,CGA0339m,DE Membrane,Membrane
PCE003,A06,PRG003,D02,CGA0232m,DE Membrane,Membrane
PCE002,D09,PRG003,E02,CGA0500m,DE Membrane,Membrane
PCE030,D09,PRG003,F02,CGA0596m,DE Membrane,Membrane
PCE003,H10,PRG003,G02,CGA0217m,DE Membrane,Membrane
PCE002,F11,PRG003,H02,CGA1103m,DE Membrane,Membrane
PCE002,G04,PRG003,A03,CGA0123m,DE Membrane,Membrane
PCE048,E11,PRG003,B03,CGA0189m,DE Membrane,Membrane
PCE004,A01,PRG003,C03,CGA0564m,DE Membrane,Membrane
PCE002,F04,PRG003,D03,CGA0411m,DE Membrane,Membrane
PCE048,A11,PRG003,E03,CGA0137m,DE Membrane,Membrane
PCE004,E03,PRG003,F03,CGA0557m,DE Membrane,Membrane
PCE003,H01,PRG003,G03,CGA0222m,DE Membrane,Membrane
PCE002,D08,PRG003,H03,CGA0256m,DE Membrane,Membrane
PCE003,G08,PRG003,A04,CGA0277m,DE Membrane,Membrane
PCE002,E03,PRG003,B04,CGA0419m,DE Membrane,Membrane
PCE004,A03,PRG003,C04,CGA0549m,DE Membrane,Membrane
PCE004,H02,PRG003,D04,CGA0369m,DE Membrane,Membrane
PCE002,H06,PRG003,E04,CGA0173m,DE Membrane,Membrane
PCE030,F09,PRG003,F04,CGA0857m,DE Membrane,Membrane
PCE003,G01,PRG003,G04,CGA0243m,DE Membrane,Membrane
PCE004,D04,PRG003,H04,CGA0806m,DE Membrane,Membrane
PCE002,D07,PRG003,A05,CGA0417m,DE Membrane,Membrane
PCE004,C02,PRG003,B05,CGA0373m,DE Membrane,Membrane
PCE048,E10,PRG003,C05,CGA0147m,DE Membrane,Membrane
PCE004,B01,PRG003,D05,CGA0480m,DE Membrane,Membrane
PCE030,D12,PRG003,E05,CGA1100m,DE Membrane,Membrane
PCE003,E03,PRG003,F05,CGA0307m,DE Membrane,Membrane
PCE002,D10,PRG003,G05,CGA0249m,DE Membrane,Membrane
PCE030,H10,PRG003,H05,CGA1001m,DE Membrane,Membrane
PCE003,D08,PRG003,A06,CGA0312m,DE Membrane,Membrane
PCE004,F05,PRG003,B06,CGA1111m,DE Membrane,Membrane
PCE030,A11,PRG003,C06,CGA0587m,DE Membrane,Membrane
PCE048,E06,PRG003,D06,CGA0514m,DE Membrane,Membrane
PCE004,H03,PRG003,E06,CGA0430m,DE Membrane,Membrane
PCE002,G10,PRG003,F06,CGA0406m,DE Membrane,Membrane
PCE004,H06,PRG003,G06,CGA0567m,DE Membrane,Membrane
PCE002,B06,PRG003,H06,CGA0413m,DE Membrane,Membrane
PCE004,A12,PRG003,A07,CGA0427m,DE Membrane,Membrane
PCE030,B11,PRG003,B07,CGA0836m,DE Membrane,Membrane
PCE002,G02,PRG003,C07,CGA0395m,DE Membrane,Membrane
PCE002,H04,PRG003,D07,CGA0398m,DE Membrane,Membrane
PCE003,E09,PRG003,E07,CGA0349m,DE Membrane,Membrane
PCE002,G09,PRG003,F07,CGA0259m,DE Membrane,Membrane
PCE003,B09,PRG003,G07,CGA0211m,DE Membrane,Membrane
PCE003,A08,PRG003,H07,CGA0296m,DE Membrane,Membrane
PCE002,F02,PRG003,A08,CGA0162m,DE Membrane,Membrane
PCE003,E08,PRG003,B08,CGA0241m,DE Membrane,Membrane
PCE002,A02,PRG003,C08,CGA0408m,DE Membrane,Membrane
PCE002,C12,PRG003,D08,CGA0490m,DE Membrane,Membrane
PCE004,G04,PRG003,E08,CGA0459m,DE Membrane,Membrane
PCE030,E12,PRG003,F08,CGA0742m,DE Membrane,Membrane
PCE003,C10,PRG003,G08,CGA0345m,DE Membrane,Membrane
PCE003,A04,PRG003,H08,CGA0357m,DE Membrane,Membrane
PCE003,H03,PRG003,A09,CGA0448m,DE Membrane,Membrane
PCE030,G11,PRG003,B09,CGA0868m,DE Membrane,Membrane
PCE002,H10,PRG003,C09,CGA0121m,DE Membrane,Membrane
PCE004,H08,PRG003,D09,CGA0432m,DE Membrane,Membrane
PCE002,D04,PRG003,E09,CGA0184m,DE Membrane,Membrane
PCE004,H01,PRG003,F09,CGA0573m,DE Membrane,Membrane
PCE002,B09,PRG003,G09,CGA0524m,DE Membrane,Membrane
PCE048,G10,PRG003,H09,CGA0144m,DE Membrane,Membrane
PCE003,F05,PRG003,A10,CGA0350m,DE Membrane,Membrane
PCE002,D11,PRG003,B10,CGA0155m,DE Membrane,Membrane
PCE003,E01,PRG003,C10,CGA0441m,DE Membrane,Membrane
PCE030,G10,PRG003,D10,CGA0656m,DE Membrane,Membrane
PCE002,H08,PRG003,E10,CGA0400m,DE Membrane,Membrane
PCE002,C05,PRG003,F10,CGA0133m,DE Membrane,Membrane
PCE030,D10,PRG003,G10,CGA0980m,DE Membrane,Membrane
PCE002,B03,PRG003,H10,CGA0381m,DE Membrane,Membrane
PCE003,G03,PRG003,A11,CGA0291m,DE Membrane,Membrane
PCE002,F06,PRG003,B11,CGA0212m,DE Membrane,Membrane
PCE004,E08,PRG003,C11,CGA0437m,DE Membrane,Membrane
PCE030,G09,PRG003,D11,CGA0780m,DE Membrane,Membrane
PCE003,A05,PRG003,E11,CGA0288m,DE Membrane,Membrane
PCE048,C11,PRG003,F11,CGA0139m,DE Membrane,Membrane
PCE004,C05,PRG003,G11,CGA0530m,DE Membrane,Membrane
PCE003,F07,PRG003,H11,CGA0445m,DE Membrane,Membrane
PCE004,C01,PRG003,A12,CGA0808m,DE Membrane,Membrane
PCE003,H04,PRG003,B12,CGA0305m,DE Membrane,Membrane
PCE003,E05,PRG003,C12,CGA0449m,DE Membrane,Membrane
PCE003,B03,PRG003,D12,CGA0454m,DE Membrane,Membrane
PCE004,B11,PRG003,E12,CGA0478m,DE Membrane,Membrane
PCE002,D03,PRG003,F12,CGA0160m,DE Membrane,Membrane
PCE002,F08,PRG003,G12,CGA1104m,DE Membrane,Membrane
PCE002,A12,PRG003,H12,CGA0414m,DE Membrane,Membrane
PCE003,F06,PRG004,A01,CGA0265m,DE Membrane,Membrane
PCE002,E11,PRG004,B01,CGA0131m,DE Membrane,Membrane
PCE048,D05,PRG004,C01,CGA0142m,DE Membrane,Membrane
PCE030,A09,PRG004,D01,CGA0615m,DE Membrane,Membrane
PCE004,G08,PRG004,E01,CGA0461m,DE Membrane,Membrane
PCE048,H12,PRG004,F01,CGA0511m,DE Membrane,Membrane
PCE048,A08,PRG004,G01,CGA0149m,DE Membrane,Membrane
PCE003,G09,PRG004,H01,CGA0240m,DE Membrane,Membrane
PCE003,A11,PRG004,A02,CGA0360m,DE Membrane,Membrane
PCE030,E11,PRG004,B02,CGA0847m,DE Membrane,Membrane
PCE048,B04,PRG004,C02,CGA0505m,DE Membrane,Membrane
PCE003,G04,PRG004,D02,CGA0443m,DE Membrane,Membrane
PCE004,E04,PRG004,E02,CGA0465m,DE Membrane,Membrane
PCE048,E04,PRG004,G02,CGA0151m,DE Membrane,Membrane
PCE003,D10,PRG004,H02,CGA0275m,DE Membrane,Membrane
PCE003,B05,PRG004,A03,CGA0273m,DE Membrane,Membrane
PCE003,E07,PRG004,B03,CGA0202m,DE Membrane,Membrane
PCE002,H12,PRG004,C03,CGA0405m,DE Membrane,Membrane
PCE002,D05,PRG004,D03,CGA0216m,DE Membrane,Membrane
PCE004,G03,PRG004,E03,CGA0805m,DE Membrane,Membrane
PCE004,F10,PRG004,F03,CGA0575m,DE Membrane,Membrane
PCE048,H01,PRG004,G03,CGA0190m,DE Membrane,Membrane
PCE002,H09,PRG004,H03,CGA0153m,DE Membrane,Membrane
PCE048,E07,PRG004,A04,CGA0145m,DE Membrane,Membrane
PCE002,H05,PRG004,B04,CGA0261m,DE Membrane,Membrane
PCE048,D02,PRG004,C04,CGA0192m,DE Membrane,Membrane
PCE002,C01,PRG004,D04,CGA0409m,DE Membrane,Membrane
PCE003,H05,PRG004,E04,CGA0208m,DE Membrane,Membrane
PCE004,F08,PRG004,F04,CGA0368m,DE Membrane,Membrane
PCE048,E01,PRG004,G04,CGA0187m,DE Membrane,Membrane
PCE003,D06,PRG004,H04,CGA0206m,DE Membrane,Membrane
PCE003,E10,PRG004,A05,CGA0321m,DE Membrane,Membrane
PCE002,B12,PRG004,B05,CGA0169m,DE Membrane,Membrane
PCE004,A02,PRG004,C05,CGA0541m,DE Membrane,Membrane
PCE004,B03,PRG004,D05,CGA0540m,DE Membrane,Membrane
PCE003,B01,PRG004,E05,CGA0230m,DE Membrane,Membrane
PCE030,F10,PRG004,F05,CGA0969m,DE Membrane,Membrane
PCE003,F08,PRG004,G05,CGA0328m,DE Membrane,Membrane
PCE004,A11,PRG004,H05,CGA0464m,DE Membrane,Membrane
PCE002,A09,PRG004,A06,CGA0174m,DE Membrane,Membrane
PCE003,A09,PRG004,B06,CGA0325m,DE Membrane,Membrane
PCE048,G06,PRG004,C06,CGA0185m,DE Membrane,Membrane
PCE004,C08,PRG004,D06,CGA0553m,DE Membrane,Membrane
PCE004,C11,PRG004,E06,CGA0248m,DE Membrane,Membrane
PCE030,H09,PRG004,F06,CGA0990m,DE Membrane,Membrane
PCE004,D05,PRG004,G06,CGA0570m,DE Membrane,Membrane
PCE004,C06,PRG004,H06,CGA0365m,DE Membrane,Membrane
PCE003,D04,PRG004,A07,CGA0286m,DE Membrane,Membrane
PCE048,A10,PRG004,B07,CGA0198m,DE Membrane,Membrane
PCE003,E12,PRG004,C07,CGA0315m,DE Membrane,Membrane
PCE048,E02,PRG004,D07,CGA0503m,DE Membrane,Membrane
PCE002,B02,PRG004,E07,CGA0498m,DE Membrane,Membrane
PCE002,D01,PRG004,F07,CGA0136m,DE Membrane,Membrane
PCE002,E08,PRG004,G07,CGA0424m,DE Membrane,Membrane
PCE004,B07,PRG004,H07,CGA0532m,DE Membrane,Membrane
PCE003,A01,PRG004,A08,CGA0221m,DE Membrane,Membrane
PCE002,E10,PRG004,B08,CGA0487m,DE Membrane,Membrane
PCE003,B07,PRG004,C08,CGA0299m,DE Membrane,Membrane
PCE004,G05,PRG004,D08,CGA0554m,DE Membrane,Membrane
PCE030,C11,PRG004,E08,CGA0713m,DE Membrane,Membrane
PCE004,E02,PRG004,F08,CGA0481m,DE Membrane,Membrane
PCE004,B04,PRG004,G08,CGA0561m,DE Membrane,Membrane
PCE003,D11,PRG004,H08,CGA0302m,DE Membrane,Membrane
PCE002,G01,PRG004,A09,CGA0390m,DE Membrane,Membrane
PCE048,E03,PRG004,B09,CGA0200m,DE Membrane,Membrane
PCE002,H03,PRG004,C09,CGA0421m,DE Membrane,Membrane
PCE003,F03,PRG004,D09,CGA0341m,DE Membrane,Membrane
PCE002,B11,PRG004,E09,CGA0176m,DE Membrane,Membrane
PCE004,G11,PRG004,F09,CGA0467m,DE Membrane,Membrane
PCE004,C04,PRG004,G09,CGA0207m,DE Membrane,Membrane
PCE004,F11,PRG004,H09,CGA0438m,DE Membrane,Membrane
PCE003,C11,PRG004,A10,CGA0297m,DE Membrane,Membrane
PCE030,F11,PRG004,B10,CGA0635m,DE Membrane,Membrane
PCE002,F05,PRG004,C10,CGA1109m,DE Membrane,Membrane
PCE030,B10,PRG004,D10,CGA0790m,DE Membrane,Membrane
PCE004,H09,PRG004,E10,CGA0562m,DE Membrane,Membrane
PCE004,B10,PRG004,F10,CGA1112m,DE Membrane,Membrane
PCE030,A12,PRG004,G10,CGA1021m,DE Membrane,Membrane
PCE002,C03,PRG004,H10,CGA0385m,DE Membrane,Membrane
PCE030,B12,PRG004,A11,CGA0704m,DE Membrane,Membrane
PCE004,G02,PRG004,B11,CGA0435m,DE Membrane,Membrane
PCE003,G07,PRG004,C11,CGA0318m,DE Membrane,Membrane
PCE003,D09,PRG004,D11,CGA0310m,DE Membrane,Membrane
PCE003,F12,PRG004,E11,CGA0229m,DE Membrane,Membrane
PCE003,B06,PRG004,F11,CGA0309m,DE Membrane,Membrane
PCE030,E10,PRG004,G11,CGA0703m,DE Membrane,Membrane
PCE003,D02,PRG004,H11,CGA0205m,DE Membrane,Membrane
PCE004,F01,PRG004,A12,CGA0551m,DE Membrane,Membrane
PCE003,C06,PRG004,B12,CGA0280m,DE Membrane,Membrane
PCE003,F04,PRG004,C12,CGA0289m,DE Membrane,Membrane
PCE002,F12,PRG004,D12,CGA0401m,DE Membrane,Membrane
PCE003,E04,PRG004,E12,CGA0336m,DE Membrane,Membrane
PCE002,E01,PRG004,F12,CGA1105m,DE Membrane,Membrane
PCE002,C09,PRG004,G12,CGA0489m,DE Membrane,Membrane
PCE003,B08,PRG004,H12,CGA0237m,DE Membrane,Membrane
PCE002,A10,PRG005,A01,CGA0181m,DE Membrane,Membrane
PCE003,A07,PRG005,B01,CGA0281m,DE Membrane,Membrane
PCE030,D11,PRG005,C01,CGA0800m,DE Membrane,Membrane
PCE003,D01,PRG005,D01,CGA0269m,DE Membrane,Membrane
PCE003,D03,PRG005,E01,CGA0352m,DE Membrane,Membrane
PCE002,F10,PRG005,F01,CGA0179m,DE Membrane,Membrane
PCE003,H07,PRG005,G01,CGA0267m,DE Membrane,Membrane
PCE048,C03,PRG005,H01,CGA0195m,DE Membrane,Membrane
PCE030,C10,PRG005,A02,CGA0817m,DE Membrane,Membrane
PCE002,E09,PRG005,B02,CGA0389m,DE Membrane,Membrane
PCE004,G07,PRG005,C02,CGA0565m,DE Membrane,Membrane
PCE002,H07,PRG005,D02,CGA1102m,DE Membrane,Membrane
PCE002,B07,PRG005,E02,CGA0387m,DE Membrane,Membrane
PCE004,D02,PRG005,F02,CGA0556m,DE Membrane,Membrane
PCE002,G03,PRG005,G02,CGA0158m,DE Membrane,Membrane
PCE003,G06,PRG005,H02,CGA0293m,DE Membrane,Membrane
PCE004,D08,PRG005,A03,CGA0470m,DE Membrane,Membrane
PCE002,F01,PRG005,B03,CGA0134m,DE Membrane,Membrane
PCE004,E06,PRG005,C03,CGA0477m,DE Membrane,Membrane
PCE004,C07,PRG005,D03,CGA0472m,DE Membrane,Membrane
PCE004,E09,PRG005,E03,CGA0374m,DE Membrane,Membrane
PCE048,D12,PRG005,F03,CGA0513m,DE Membrane,Membrane
PCE003,C02,PRG005,G03,CGA0347m,DE Membrane,Membrane
PCE002,C10,PRG005,H03,CGA0521m,DE Membrane,Membrane
PCE002,H01,PRG005,A04,CGA0493m,DE Membrane,Membrane
PCE003,H11,PRG005,B04,CGA0210m,DE Membrane,Membrane
PCE002,E06,PRG005,C04,CGA0384m,DE Membrane,Membrane
PCE048,C01,PRG005,D04,CGA0197m,DE Membrane,Membrane
PCE002,H02,PRG005,E04,CGA0382m,DE Membrane,Membrane
PCE030,C09,PRG005,F04,CGA0779m,DE Membrane,Membrane
PCE003,D12,PRG005,G04,CGA0283m,DE Membrane,Membrane
PCE002,G11,PRG005,A05,CGA0125m,DE Membrane,Membrane
PCE004,H11,PRG005,B05,CGA0203m,DE Membrane,Membrane
PCE004,H05,PRG005,C05,CGA0580m,DE Membrane,Membrane
PCE004,G10,PRG005,D05,CGA0569m,DE Membrane,Membrane
PCE002,G06,PRG005,E05,CGA0397m,DE Membrane,Membrane
PCE003,B12,PRG005,F05,CGA0323m,DE Membrane,Membrane
PCE004,B02,PRG005,G05,CGA0537m,DE Membrane,Membrane
PCE004,E01,PRG005,H05,CGA0433m,DE Membrane,Membrane
PCE030,C12,PRG005,A06,CGA0858m,DE Membrane,Membrane
PCE004,F03,PRG005,B06,CGA1108m,DE Membrane,Membrane
PCE002,A05,PRG005,C06,CGA0416m,DE Membrane,Membrane
PCE004,D09,PRG005,D06,CGA0457m,DE Membrane,Membrane
PCE003,G11,PRG005,E06,CGA0227m,DE Membrane,Membrane
PCE002,G05,PRG005,F06,CGA0253m,DE Membrane,Membrane
PCE004,E10,PRG005,G06,CGA0363m,DE Membrane,Membrane
PCE003,F02,PRG005,H06,CGA0329m,DE Membrane,Membrane
PCE048,A12,PRG005,A07,CGA0193m,DE Membrane,Membrane
PCE002,G07,PRG005,B07,CGA0171m,DE Membrane,Membrane
PCE002,A01,PRG005,C07,CGA0377m,DE Membrane,Membrane
PCE003,C05,PRG005,D07,CGA0301m,DE Membrane,Membrane
PCE004,C09,PRG005,E07,CGA1107m,DE Membrane,Membrane
PCE002,D06,PRG005,F07,CGA0254m,DE Membrane,Membrane
PCE042,G02,PRG006,A01,CGA0302,DE Plant,Plant
PCE046,G10,PRG006,B01,CGA0261,DE Plant,Plant
PCE045,D01,PRG006,C01,CGA0489,DE Plant,Plant
PCE042,A10,PRG006,D01,CGA0230,DE Plant,Plant
PCE045,G08,PRG006,E01,CGA0168,DE Plant,Plant
PCE042,C05,PRG006,F01,CGA0339,DE Plant,Plant
PCE041,D06,PRG006,G01,CGA0291,DE Plant,Plant
PCE045,C12,PRG006,H01,CGA0532,DE Plant,Plant
PCE045,E09,PRG006,A02,CGA0185,DE Plant,Plant
PCE042,F06,PRG006,B02,CGA0347,DE Plant,Plant
PCE045,G01,PRG006,C02,CGA0197,DE Plant,Plant
PCE041,H07,PRG006,D02,CGA0453,DE Plant,Plant
PCE042,D07,PRG006,E02,CGA0305,DE Plant,Plant
PCE047,D05,PRG006,F02,CGA0395,DE Plant,Plant
PCE046,D01,PRG006,G02,CGA0392,DE Plant,Plant
PCE041,C08,PRG006,H02,CGA0312,DE Plant,Plant
PCE047,C02,PRG006,A03,CGA0257,DE Plant,Plant
PCE045,B09,PRG006,B03,CGA0200,DE Plant,Plant
PCE041,F07,PRG006,C03,CGA0329,DE Plant,Plant
PCE045,C10,PRG006,D03,CGA0498,DE Plant,Plant
PCE046,F12,PRG006,E03,CGA0389,DE Plant,Plant
PCE045,B04,PRG006,F03,CGA0169,DE Plant,Plant
PCE045,G04,PRG006,G03,CGA0487,DE Plant,Plant
PCE042,F01,PRG006,H03,CGA0248,DE Plant,Plant
PCE041,D09,PRG006,A04,CGA0357,DE Plant,Plant
PCE046,C07,PRG006,B04,CGA0477,DE Plant,Plant
PCE045,A11,PRG006,C04,CGA0187,DE Plant,Plant
PCE041,C12,PRG006,D04,CGA0233,DE Plant,Plant
PCE045,D06,PRG006,E04,CGA0533,DE Plant,Plant
PCE041,C10,PRG006,F04,CGA0334,DE Plant,Plant
PCE046,F03,PRG006,G04,CGA0554,DE Plant,Plant
PCE045,G12,PRG006,H04,CGA0173,DE Plant,Plant
PCE042,B02,PRG006,A05,CGA0371,DE Plant,Plant
PCE045,G05,PRG006,B05,CGA0577,DE Plant,Plant
PCE042,H09,PRG006,C05,CGA0321,DE Plant,Plant
PCE045,H08,PRG006,D05,CGA0163,DE Plant,Plant
PCE042,D08,PRG006,E05,CGA0328,DE Plant,Plant
PCE041,F03,PRG006,F05,CGA0337,DE Plant,Plant
PCE046,B11,PRG006,G05,CGA0381,DE Plant,Plant
PCE047,E04,PRG006,H05,CGA0464,DE Plant,Plant
PCE047,E01,PRG006,A06,CGA0382,DE Plant,Plant
PCE041,E12,PRG006,B06,CGA0349,DE Plant,Plant
PCE042,G04,PRG006,C06,CGA0237,DE Plant,Plant
PCE042,G07,PRG006,D06,CGA0280,DE Plant,Plant
PCE042,C04,PRG006,E06,CGA0448,DE Plant,Plant
PCE031,D01,PRG006,F06,CGA0494,DE Plant,Plant
PCE045,C03,PRG006,G06,CGA0495,DE Plant,Plant
PCE045,C11,PRG006,H06,CGA0519,DE Plant,Plant
PCE046,D11,PRG006,A07,CGA0256,DE Plant,Plant
PCE047,F02,PRG006,B07,CGA0501,DE Plant,Plant
PCE042,C09,PRG006,C07,CGA0342,DE Plant,Plant
PCE045,B01,PRG006,D07,CGA0149,DE Plant,Plant
PCE046,E03,PRG006,E07,CGA0408,DE Plant,Plant
PCE045,H02,PRG006,F07,CGA0144,DE Plant,Plant
PCE041,F01,PRG006,G07,CGA0269,DE Plant,Plant
PCE042,E07,PRG006,H07,CGA0285,DE Plant,Plant
PCE045,B12,PRG006,A08,CGA0165,DE Plant,Plant
PCE045,B11,PRG006,B08,CGA0184,DE Plant,Plant
PCE045,H03,PRG006,C08,CGA0198,DE Plant,Plant
PCE045,C02,PRG006,D08,CGA0567,DE Plant,Plant
PCE041,F02,PRG006,E08,CGA0241,DE Plant,Plant
PCE042,G05,PRG006,F08,CGA0243,DE Plant,Plant
PCE041,C03,PRG006,G08,CGA0363,DE Plant,Plant
PCE045,H01,PRG006,H08,CGA0195,DE Plant,Plant
PCE042,D03,PRG006,A09,CGA0361,DE Plant,Plant
PCE045,G02,PRG006,B09,CGA0493,DE Plant,Plant
PCE047,H05,PRG006,C09,CGA0562,DE Plant,Plant
PCE046,B10,PRG006,D09,CGA0505,DE Plant,Plant
PCE042,E12,PRG006,E09,CGA0281,DE Plant,Plant
PCE045,B10,PRG006,F09,CGA0530,DE Plant,Plant
PCE046,C02,PRG006,G09,CGA0467,DE Plant,Plant
PCE041,F09,PRG006,H09,CGA0278,DE Plant,Plant
PCE042,C01,PRG006,A10,CGA0286,DE Plant,Plant
PCE045,A09,PRG006,B10,CGA0578,DE Plant,Plant
PCE045,A05,PRG006,C10,CGA0174,DE Plant,Plant
PCE042,H02,PRG006,D10,CGA0451,DE Plant,Plant
PCE046,D07,PRG006,E10,CGA0511,DE Plant,Plant
PCE045,F10,PRG006,F10,CGA0538,DE Plant,Plant
PCE046,E06,PRG006,G10,CGA0478,DE Plant,Plant
PCE046,A03,PRG006,H10,CGA0564,DE Plant,Plant
PCE041,F11,PRG006,A11,CGA0333,DE Plant,Plant
PCE045,H05,PRG006,B11,CGA0545,DE Plant,Plant
PCE031,B07,PRG006,C11,CGA0555,DE Plant,Plant
PCE042,F08,PRG006,D11,CGA0350,DE Plant,Plant
PCE045,E12,PRG006,E11,CGA0548,DE Plant,Plant
PCE046,H09,PRG006,F11,CGA0461,DE Plant,Plant
PCE045,C07,PRG006,G11,CGA0131,DE Plant,Plant
PCE045,B08,PRG006,H11,CGA0129,DE Plant,Plant
PCE041,E11,PRG006,A12,CGA0219,DE Plant,Plant
PCE047,G02,PRG006,B12,CGA0409,DE Plant,Plant
PCE042,F03,PRG006,C12,CGA0245,DE Plant,Plant
PCE047,C06,PRG006,D12,CGA0551,DE Plant,Plant
PCE047,C05,PRG006,F12,CGA0432,DE Plant,Plant
PCE041,F08,PRG006,G12,CGA0326,DE Plant,Plant
PCE045,G07,PRG006,H12,CGA0570,DE Plant,Plant
PCE041,C01,PRG007,A01,CGA0456,DE Plant,Plant
PCE045,C08,PRG007,B01,CGA0527,DE Plant,Plant
PCE046,E11,PRG007,C01,CGA0440,DE Plant,Plant
PCE045,B03,PRG007,D01,CGA0123,DE Plant,Plant
PCE031,F01,PRG007,E01,CGA0154,DE Plant,Plant
PCE046,C04,PRG007,F01,CGA0479,DE Plant,Plant
PCE026,H12,PRG007,G01,CGA0744,DE Plant,Plant
PCE041,E01,PRG007,H01,CGA0221,DE Plant,Plant
PCE045,G10,PRG007,A02,CGA0517,DE Plant,Plant
PCE047,F05,PRG007,B02,CGA0377,DE Plant,Plant
PCE045,D07,PRG007,C02,CGA0136,DE Plant,Plant
PCE046,C08,PRG007,D02,CGA0433,DE Plant,Plant
PCE047,G03,PRG007,E02,CGA0480,DE Plant,Plant
PCE042,H12,PRG007,F02,CGA0270,DE Plant,Plant
PCE041,B08,PRG007,G02,CGA0277,DE Plant,Plant
PCE042,H01,PRG007,H02,CGA0352,DE Plant,Plant
PCE045,D12,PRG007,A03,CGA0400,DE Plant,Plant
PCE031,H05,PRG007,B03,CGA0692,DE Plant,Plant
PCE045,B05,PRG007,C03,CGA0141,DE Plant,Plant
PCE045,C04,PRG007,D03,CGA0133,DE Plant,Plant
PCE046,E05,PRG007,E03,CGA0411,DE Plant,Plant
PCE045,D09,PRG007,F03,CGA0147,DE Plant,Plant
PCE041,G06,PRG007,G03,CGA0374,DE Plant,Plant
PCE046,B07,PRG007,H03,CGA0157,DE Plant,Plant
PCE046,F07,PRG007,A04,CGA0457,DE Plant,Plant
PCE031,C03,PRG007,B04,CGA0148,DE Plant,Plant
PCE041,E04,PRG007,C04,CGA0360,DE Plant,Plant
PCE042,D01,PRG007,D04,CGA0443,DE Plant,Plant
PCE045,H11,PRG007,E04,CGA0537,DE Plant,Plant
PCE041,A03,PRG007,F04,CGA0369,DE Plant,Plant
PCE045,H07,PRG007,G04,CGA0142,DE Plant,Plant
PCE042,A07,PRG007,H04,CGA0246,DE Plant,Plant
PCE046,G09,PRG007,A05,CGA0438,DE Plant,Plant
PCE045,A03,PRG007,B05,CGA0573,DE Plant,Plant
PCE045,D03,PRG007,C05,CGA0121,DE Plant,Plant
PCE046,G05,PRG007,D05,CGA0508,DE Plant,Plant
PCE047,B05,PRG007,E05,CGA0553,DE Plant,Plant
PCE047,C01,PRG007,F05,CGA0469,DE Plant,Plant
PCE047,B02,PRG007,G05,CGA0425,DE Plant,Plant
PCE031,B03,PRG007,H05,CGA0426,DE Plant,Plant
PCE047,H03,PRG007,A06,CGA0387,DE Plant,Plant
PCE046,A08,PRG007,B06,CGA0254,DE Plant,Plant
PCE047,H02,PRG007,C06,CGA0459,DE Plant,Plant
PCE041,D05,PRG007,D06,CGA0222,DE Plant,Plant
PCE031,D04,PRG007,E06,CGA0186,DE Plant,Plant
PCE041,E09,PRG007,F06,CGA0235,DE Plant,Plant
PCE041,G07,PRG007,G06,CGA0315,DE Plant,Plant
PCE042,E06,PRG007,H06,CGA0310,DE Plant,Plant
PCE047,F03,PRG007,A07,CGA0557,DE Plant,Plant
PCE046,B09,PRG007,B07,CGA0429,DE Plant,Plant
PCE042,F11,PRG007,C07,CGA0297,DE Plant,Plant
PCE026,G12,PRG007,D07,CGA1058,DE Plant,Plant
PCE046,A04,PRG007,E07,CGA0472,DE Plant,Plant
PCE047,F01,PRG007,F07,CGA0559,DE Plant,Plant
PCE046,C09,PRG007,G07,CGA0264,DE Plant,Plant
PCE045,D11,PRG007,H07,CGA0529,DE Plant,Plant
PCE047,E03,PRG007,A08,CGA0384,DE Plant,Plant
PCE042,A05,PRG007,B08,CGA0353,DE Plant,Plant
PCE046,B12,PRG007,C08,CGA0435,DE Plant,Plant
PCE041,H11,PRG007,D08,CGA0313,DE Plant,Plant
PCE042,E03,PRG007,E08,CGA0227,DE Plant,Plant
PCE045,G06,PRG007,F08,CGA0535,DE Plant,Plant
PCE041,E10,PRG007,G08,CGA0365,DE Plant,Plant
PCE045,E07,PRG007,H08,CGA0525,DE Plant,Plant
PCE046,A11,PRG007,A09,CGA0514,DE Plant,Plant
PCE031,B02,PRG007,B09,CGA0402,DE Plant,Plant
PCE045,D02,PRG007,C09,CGA0152,DE Plant,Plant
PCE045,F03,PRG007,D09,CGA0397,DE Plant,Plant
PCE047,A05,PRG007,E09,CGA0431,DE Plant,Plant
PCE041,F04,PRG007,F09,CGA0299,DE Plant,Plant
PCE042,A04,PRG007,G09,CGA0320,DE Plant,Plant
PCE041,F12,PRG007,H09,CGA0358,DE Plant,Plant
PCE045,E11,PRG007,A10,CGA0521,DE Plant,Plant
PCE042,C12,PRG007,B10,CGA0449,DE Plant,Plant
PCE041,E06,PRG007,C10,CGA0454,DE Plant,Plant
PCE041,B11,PRG007,D10,CGA0309,DE Plant,Plant
PCE046,A12,PRG007,E10,CGA0393,DE Plant,Plant
PCE046,F08,PRG007,F10,CGA0476,DE Plant,Plant
PCE046,F09,PRG007,G10,CGA0509,DE Plant,Plant
PCE042,D09,PRG007,H10,CGA0445,DE Plant,Plant
PCE031,E02,PRG007,A11,CGA0255,DE Plant,Plant
PCE047,D04,PRG007,B11,CGA0416,DE Plant,Plant
PCE031,F03,PRG007,C11,CGA0510,DE Plant,Plant
PCE042,A12,PRG007,D11,CGA0238,DE Plant,Plant
PCE045,F01,PRG007,E11,CGA0176,DE Plant,Plant
PCE045,H04,PRG007,F11,CGA0171,DE Plant,Plant
PCE031,A06,PRG007,G11,CGA0507,DE Plant,Plant
PCE041,E05,PRG007,H11,CGA0267,DE Plant,Plant
PCE045,F06,PRG007,B12,CGA0150,DE Plant,Plant
PCE042,A11,PRG007,C12,CGA0273,DE Plant,Plant
PCE042,C02,PRG007,D12,CGA0301,DE Plant,Plant
PCE046,E04,PRG007,E12,CGA0561,DE Plant,Plant
PCE045,C05,PRG007,F12,CGA0134,DE Plant,Plant
PCE045,E01,PRG007,G12,CGA0182,DE Plant,Plant
PCE045,F07,PRG007,H12,CGA0193,DE Plant,Plant
PCE042,H10,PRG008,A01,CGA0345,DE Plant,Plant
PCE045,H10,PRG008,B01,CGA0497,DE Plant,Plant
PCE046,C01,PRG008,C01,CGA0379,DE Plant,Plant
PCE046,B05,PRG008,D01,CGA0390,DE Plant,Plant
PCE041,A10,PRG008,E01,CGA0368,DE Plant,Plant
PCE046,G12,PRG008,F01,CGA0481,DE Plant,Plant
PCE046,D10,PRG008,G01,CGA0516,DE Plant,Plant
PCE046,H11,PRG008,H01,CGA0437,DE Plant,Plant
PCE041,G11,PRG008,A02,CGA0296,DE Plant,Plant
PCE045,D04,PRG008,B02,CGA0166,DE Plant,Plant
PCE041,C05,PRG008,C02,CGA0265,DE Plant,Plant
PCE045,H06,PRG008,D02,CGA0155,DE Plant,Plant
PCE031,G06,PRG008,E02,CGA0258,DE Plant,Plant
PCE042,B10,PRG008,F02,CGA0336,DE Plant,Plant
PCE042,D06,PRG008,G02,CGA0229,DE Plant,Plant
PCE046,D03,PRG008,H02,CGA0413,DE Plant,Plant
PCE041,F10,PRG008,A03,CGA0294,DE Plant,Plant
PCE045,F08,PRG008,B03,CGA0541,DE Plant,Plant
PCE045,E02,PRG008,C03,CGA0128,DE Plant,Plant
PCE045,G11,PRG008,D03,CGA0406,DE Plant,Plant
PCE045,G09,PRG008,E03,CGA0540,DE Plant,Plant
PCE046,D09,PRG008,F03,CGA0422,DE Plant,Plant
PCE047,D01,PRG008,G03,CGA0424,DE Plant,Plant
PCE041,D07,PRG008,H03,CGA0224,DE Plant,Plant
PCE046,G06,PRG008,A04,CGA0427,DE Plant,Plant
PCE041,A09,PRG008,B04,CGA0366,DE Plant,Plant
PCE042,F04,PRG008,C04,CGA0344,DE Plant,Plant
PCE031,A07,PRG008,D04,CGA0122,DE Plant,Plant
PCE046,D05,PRG008,E04,CGA0253,DE Plant,Plant
PCE046,F11,PRG008,F04,CGA0500,DE Plant,Plant
PCE046,H08,PRG008,G04,CGA0462,DE Plant,Plant
PCE046,G08,PRG008,H04,CGA0506,DE Plant,Plant
PCE046,H06,PRG008,A05,CGA0513,DE Plant,Plant
PCE041,H10,PRG008,B05,CGA0289,DE Plant,Plant
PCE042,B04,PRG008,C05,CGA0355,DE Plant,Plant
PCE041,B09,PRG008,D05,CGA0376,DE Plant,Plant
PCE045,F11,PRG008,E05,CGA0161,DE Plant,Plant
PCE031,A03,PRG008,F05,CGA0468,DE Plant,Plant
PCE047,A02,PRG008,G05,CGA0421,DE Plant,Plant
PCE045,B02,PRG008,H05,CGA0137,DE Plant,Plant
PCE041,G02,PRG008,B06,CGA0318,DE Plant,Plant
PCE046,C10,PRG008,C06,CGA0414,DE Plant,Plant
PCE045,F05,PRG008,D06,CGA0485,DE Plant,Plant
PCE031,D07,PRG008,E06,CGA0486,DE Plant,Plant
PCE045,D05,PRG008,F06,CGA0181,DE Plant,Plant
PCE045,A08,PRG008,G06,CGA0546,DE Plant,Plant
PCE045,E06,PRG008,H06,CGA0575,DE Plant,Plant
PCE045,F04,PRG008,A07,CGA0490,DE Plant,Plant
PCE042,H07,PRG008,B07,CGA0283,DE Plant,Plant
PCE045,G03,PRG008,C07,CGA0398,DE Plant,Plant
PCE045,F09,PRG008,D07,CGA0569,DE Plant,Plant
PCE041,A06,PRG008,E07,CGA0304,DE Plant,Plant
PCE042,A02,PRG008,F07,CGA0341,DE Plant,Plant
PCE045,A10,PRG008,G07,CGA0160,DE Plant,Plant
PCE045,H09,PRG008,H07,CGA0492,DE Plant,Plant
PCE041,E08,PRG008,A08,CGA0331,DE Plant,Plant
PCE041,H02,PRG008,B08,CGA0293,DE Plant,Plant
PCE045,E04,PRG008,C08,CGA0179,DE Plant,Plant
PCE046,G01,PRG008,D08,CGA0482,DE Plant,Plant
PCE046,A07,PRG008,E08,CGA0474,DE Plant,Plant
PCE045,H12,PRG008,F08,CGA0192,DE Plant,Plant
PCE045,B06,PRG008,G08,CGA0401,DE Plant,Plant
PCE045,E03,PRG008,H08,CGA0572,DE Plant,Plant
PCE046,F06,PRG008,A09,CGA0503,DE Plant,Plant
PCE046,G04,PRG008,B09,CGA0475,DE Plant,Plant
PCE045,A04,PRG008,C09,CGA0177,DE Plant,Plant
PCE046,B03,PRG008,D09,CGA0262,DE Plant,Plant
PCE045,D10,PRG008,E09,CGA0189,DE Plant,Plant
PCE046,B06,PRG008,F09,CGA0465,DE Plant,Plant
PCE041,H08,PRG008,G09,CGA0446,DE Plant,Plant
PCE046,B08,PRG008,H09,CGA0470,DE Plant,Plant
PCE045,C06,PRG008,A10,CGA0565,DE Plant,Plant
PCE045,A07,PRG008,B10,CGA0543,DE Plant,Plant
PCE046,H12,PRG008,C10,CGA0249,DE Plant,Plant
PCE045,A06,PRG008,D10,CGA0139,DE Plant,Plant
PCE045,F12,PRG008,E10,CGA0522,DE Plant,Plant
PCE045,B07,PRG008,F10,CGA0145,DE Plant,Plant
PCE047,A04,PRG008,G10,CGA0419,DE Plant,Plant
PCE042,B12,PRG008,H10,CGA0240,DE Plant,Plant
PCE045,A01,PRG008,A11,CGA0158,DE Plant,Plant
PCE041,G09,PRG008,B11,CGA0441,DE Plant,Plant
PCE045,D08,PRG008,C11,CGA0190,DE Plant,Plant
PCE041,H09,PRG008,D11,CGA0373,DE Plant,Plant
PCE041,G10,PRG008,E11,CGA0232,DE Plant,Plant
PCE042,H08,PRG008,F11,CGA0217,DE Plant,Plant
PCE031,H06,PRG008,G11,CGA0705,DE Plant,Plant
PCE042,G06,PRG008,H11,CGA0323,DE Plant,Plant
PCE045,E05,PRG008,A12,CGA0125,DE Plant,Plant
PCE041,C04,PRG008,B12,CGA0288,DE Plant,Plant
PCE045,E10,PRG008,C12,CGA0524,DE Plant,Plant
PCE047,H04,PRG008,D12,CGA0417,DE Plant,Plant
PCE042,A01,PRG008,E12,CGA0317,DE Plant,Plant
PCE031,A04,PRG008,F12,CGA0132,DE Plant,Plant
PCE046,E02,PRG008,G12,CGA0385,DE Plant,Plant
PCE047,B03,PRG008,H12,CGA0405,DE Plant,Plant
PCE046,A10,PRG009,A01,CGA0251,DE Plant,Plant
PCE042,A06,PRG009,B01,CGA0325,DE Plant,Plant
PCE046,H03,PRG009,C01,CGA0473,DE Plant,Plant
PCE041,C07,PRG009,D01,CGA0307,DE Plant,Plant
PCE045,E08,PRG009,E01,CGA0580,DE Plant,Plant
PCE046,C11,PRG009,F01,CGA0549,DE Plant,Plant
PCE047,C03,PRG009,G01,CGA0259,DE Plant,Plant
PCE047,G04,PRG009,H01,CGA0556,DE Plant,Plant
PCE045,F02,PRG009,A02,CGA0126,DE Plant,Plant
PCE041,D04,PRG009,B02,CGA0275,DE Plant,Plant
PCE042,D02,PRG009,C02,CGA0272,DE Plant,Plant
PCE045,A02,PRG009,D02,CGA0153,DE Plant,Plant
PCE045,C09,PRG009,F02,CGA0403,DE Plant,Plant
PCE041,F05,PRG009,G02,CGA0225,DE Plant,Plant
PCE042,G01,PRG009,A03,LIPME36455,FR Plant,Plant
PCE042,E01,PRG009,B03,LIPME36430,FR Plant,Plant
PCE033,F01,PRG010,A01,CTS0095,DE Soil,CompanionSoil
PCE033,D07,PRG010,B01,CTS0098,DE Soil,CompanionSoil
PCE033,H10,PRG010,C01,CTS0022,DE Soil,CompanionSoil
PCE034,E03,PRG010,D01,CTS0011,DE Soil,CompanionSoil
PCE048,G05,PRG010,E01,CGS0109,DE Soil,CompanionSoil
PCE033,D06,PRG010,F01,CTS0069,DE Soil,CompanionSoil
PCE033,G07,PRG010,G01,CTS0002,DE Soil,CompanionSoil
PCE033,B06,PRG010,H01,CTS0015,DE Soil,CompanionSoil
PCE033,B10,PRG010,A02,CTS0031,DE Soil,CompanionSoil
PCE034,G04,PRG010,B02,CTS0052,DE Soil,CompanionSoil
PCE033,E07,PRG010,C02,CTS0066,DE Soil,CompanionSoil
PCE034,F03,PRG010,D02,CTS0082,DE Soil,CompanionSoil
PCE033,G04,PRG010,E02,CTS0089,DE Soil,CompanionSoil
PCE049,H09,PRG010,F02,CGS0003,DE Soil,CompanionSoil
PCE033,C08,PRG010,G02,CTS0030,DE Soil,CompanionSoil
PCE034,E01,PRG010,H02,CTS0055,DE Soil,CompanionSoil
PCE048,F10,PRG010,A03,CGS0001,DE Soil,CompanionSoil
PCE033,H07,PRG010,B03,CTS0074,DE Soil,CompanionSoil
PCE048,C06,PRG010,C03,CGS0111,DE Soil,CompanionSoil
PCE033,A08,PRG010,D03,CTS0065,DE Soil,CompanionSoil
PCE033,D01,PRG010,E03,CTS0026,DE Soil,CompanionSoil
PCE033,C02,PRG010,F03,CTS0028,DE Soil,CompanionSoil
PCE048,D10,PRG010,G03,CGS0110,DE Soil,CompanionSoil
PCE033,B09,PRG010,H03,CTS0061,DE Soil,CompanionSoil
PCE034,C01,PRG010,A04,CTS0050,DE Soil,CompanionSoil
PCE033,F10,PRG010,B04,CTS0014,DE Soil,CompanionSoil
PCE033,B07,PRG010,C04,CTS0036,DE Soil,CompanionSoil
PCE033,D04,PRG010,D04,CTS0099,DE Soil,CompanionSoil
PCE033,F03,PRG010,E04,CTS0085,DE Soil,CompanionSoil
PCE033,H06,PRG010,F04,CTS0012,DE Soil,CompanionSoil
PCE033,A04,PRG010,G04,CTS0025,DE Soil,CompanionSoil
PCE048,H06,PRG010,H04,CGS0025,DE Soil,CompanionSoil
PCE034,A03,PRG010,A05,CTS0049,DE Soil,CompanionSoil
PCE033,B08,PRG010,B05,CTS0040,DE Soil,CompanionSoil
PCE034,D05,PRG010,C05,CTS0023,DE Soil,CompanionSoil
PCE033,E04,PRG010,D05,CTS0005,DE Soil,CompanionSoil
PCE033,A06,PRG010,E05,CTS0017,DE Soil,CompanionSoil
PCE034,D01,PRG010,F05,CTS0058,DE Soil,CompanionSoil
PCE034,D02,PRG010,G05,CTS0041,DE Soil,CompanionSoil
PCE034,B05,PRG010,H05,CTS0034,DE Soil,CompanionSoil
PCE033,F02,PRG010,A06,CTS0042,DE Soil,CompanionSoil
PCE034,G02,PRG010,B06,CTS0059,DE Soil,CompanionSoil
PCE033,E10,PRG010,C06,CTS0016,DE Soil,CompanionSoil
PCE034,G03,PRG010,E06,CTS0039,DE Soil,CompanionSoil
PCE033,E06,PRG010,F06,CTS0024,DE Soil,CompanionSoil
PCE033,F07,PRG010,G06,CTS0101,DE Soil,CompanionSoil
PCE048,D09,PRG010,H06,CGS0004,DE Soil,CompanionSoil
PCE033,A02,PRG010,A07,CTS0100,DE Soil,CompanionSoil
PCE033,C07,PRG010,B07,CTS0054,DE Soil,CompanionSoil
PCE049,C02,PRG010,C07,CGS0112,DE Soil,CompanionSoil
PCE034,D04,PRG010,D07,CTS0053,DE Soil,CompanionSoil
PCE033,B04,PRG010,E07,CTS0097,DE Soil,CompanionSoil
PCE033,C09,PRG010,F07,CTS0004,DE Soil,CompanionSoil
PCE033,D05,PRG010,G07,CTS0006,DE Soil,CompanionSoil
PCE033,G06,PRG010,H07,CTS0044,DE Soil,CompanionSoil
PCE033,C06,PRG010,A08,CTS0001,DE Soil,CompanionSoil
PCE033,E05,PRG010,B08,CTS0079,DE Soil,CompanionSoil
PCE033,C04,PRG010,C08,CTS0043,DE Soil,CompanionSoil
PCE034,B03,PRG010,D08,CTS0007,DE Soil,CompanionSoil
PCE049,H03,PRG010,E08,CGS0028,DE Soil,CompanionSoil
PCE033,C05,PRG010,F08,CTS0062,DE Soil,CompanionSoil
PCE034,A04,PRG010,G08,CTS0064,DE Soil,CompanionSoil
PCE033,E08,PRG010,H08,CTS0096,DE Soil,CompanionSoil
PCE034,B02,PRG010,A09,CTS0063,DE Soil,CompanionSoil
PCE033,E03,PRG010,B09,CTS0092,DE Soil,CompanionSoil
PCE033,F08,PRG010,C09,CTS0080,DE Soil,CompanionSoil
PCE034,A05,PRG010,D09,CTS0046,DE Soil,CompanionSoil
PCE033,G10,PRG010,E09,CTS0084,DE Soil,CompanionSoil
PCE033,A07,PRG010,F09,CTS0081,DE Soil,CompanionSoil
PCE034,C05,PRG010,G09,CTS0037,DE Soil,CompanionSoil
PCE034,D03,PRG010,H09,CTS0033,DE Soil,CompanionSoil
PCE034,B01,PRG010,A10,CTS0090,DE Soil,CompanionSoil
PCE033,A10,PRG010,B10,CTS0083,DE Soil,CompanionSoil
PCE034,E04,PRG010,C10,CTS0075,DE Soil,CompanionSoil
PCE048,H11,PRG010,D10,CGS0026,DE Soil,CompanionSoil
PCE033,D10,PRG010,E10,CTS0091,DE Soil,CompanionSoil
PCE033,G08,PRG010,F10,CTS0010,DE Soil,CompanionSoil
PCE033,F05,PRG010,G10,CTS0093,DE Soil,CompanionSoil
PCE033,C10,PRG010,H10,CTS0013,DE Soil,CompanionSoil
PCE048,G09,PRG010,A11,CGS0002,DE Soil,CompanionSoil
PCE033,D02,PRG010,B11,CTS0102,DE Soil,CompanionSoil
PCE049,G11,PRG010,C11,CGS0027,DE Soil,CompanionSoil
PCE034,F01,PRG010,D11,CTS0047,DE Soil,CompanionSoil
PCE034,F04,PRG010,E11,CTS0057,DE Soil,CompanionSoil
